Workbook

Sheet intro_20260622
B3: Example
C4: A | D4: D | E4: G | G4: 1 | H4: 2 | I4: 3 | J4: 4 | K4: 5 | L4: 6 | M4: 7 | N4: 8
C6: B | D6: E | E6: H | G6: ð | H6: ï | I6: ñ | J6: ò | K6: ö | L6: ÷ | M6: õ | N6: ø
C8: C | D8: F | E8: I
B12: 22.06.2026 | C12: agv_table_center_link grasp_x_offset, _y_offset, _z_offset | D12: pcd_bound_x | E12: pcd_bound_y | F12: pcd_bound_z | G12: graspness_th | H12: grasp_height_th | I12: grasp_cog_max_dist_th | J12: grasp_cog_min_dist_th | K12: cog_axis_projection_th | L12: t0_to_tcp joint
B13: Baseline1 | C13: (-0.7, 0.0, 0.131) | D13: (-0.3,0.4) | E13: (-0.4,0.4) | F13: (-0.01,0.3) | G13: 0.2 | H13: 0.002 | I13: - | J13: - | K13: - | L13: xyz=(0,0,0.25)
C14: reset_pose.position.x | D14: reset_pose.position.y | E14: reset_pose.position.z | F14: reset_pose.orientation.x | G14: reset_pose.orientation.y | H14: reset_pose.orientation.z | I14: reset_pose.orientation.w
C15: 1.447416 | D15: 3.302368 | E15: 1.365898 | F15: -0.009596 | G15: 0.999594 | H15: 0.025939 | I15: -0.006796
D18: UR10e | G18: 1 | H18: 2 | I18: 3 | J18: 4 | K18: 5 | L18: 6 | M18: 7 | N18: 8
G19: =sum_orient_20260622!Q2 -> 0.38888889 | H19: =sum_orient_20260622!Q3 -> 0.16666667 | I19: =sum_orient_20260622!Q4 -> 0 | J19: =sum_orient_20260622!Q5 -> 0 | K19: =sum_orient_20260622!Q6 -> 0.11111111 | L19: =sum_orient_20260622!Q7 -> 0.22222222 | M19: =sum_orient_20260622!Q8 -> 0 | N19: =sum_orient_20260622!Q9 -> 0.22222222
C20: A | D20: D | E20: G | G20: ð | H20: ï | I20: ñ | J20: ò | K20: ö | L20: ÷ | M20: õ | N20: ø
C21: =sum_pos_20260622!Q2 -> 0.16666667 | D21: =sum_pos_20260622!Q5 -> 0.083333333 | E21: =sum_pos_20260611!Q8 -> 0
C22: B | D22: E | E22: H
C23: =sum_pos_20260622!Q3 -> #DIV/0! | D23: =sum_pos_20260622!Q6 -> #DIV/0! | E23: =sum_pos_20260611!Q9 -> 0
C24: C | D24: F | E24: I
C25: =sum_pos_20260622!Q4 -> 0.16666667 | D25: =sum_pos_20260611!Q7 -> 0 | E25: =sum_pos_20260611!Q10 -> 0

Sheet result_20260622
A1: Orientation | B1: Position | C1: Trial | D1: Name | E1: Success | F1: Success after intervention | G1: Success if further action were taken | H1: Failed | I1: Grasp too loose | J1: Fell during turning around | K1: No poses generated | L1: Possible collision between links | M1: Grasp aborted due to joint limits | N1: Grasp in opposite direction | O1: Grasp point not good, potential failure | P1: Grasp point too high, placement needs manual adjustment | Q1: Grasp point too low, placement distant from holder | R1: Object not face out after placement
A2: 1 | B2: A | C2: 1 | D2: =A2&"-"&B2&"-"&C2 -> 1-A-1 | H2: 1 | I2: 1
A3: 1 | B3: A | C3: 2 | D3: =A3&"-"&B3&"-"&C3 -> 1-A-2 | H3: 1 | I3: 1
A4: 1 | B4: A | C4: 3 | D4: =A4&"-"&B4&"-"&C4 -> 1-A-3 | H4: 1 | I4: 1
A5: 1 | B5: C | C5: 1 | D5: =A5&"-"&B5&"-"&C5 -> 1-C-1 | H5: 1 | I5: 1
A6: 1 | B6: C | C6: 2 | D6: =A6&"-"&B6&"-"&C6 -> 1-C-2 | H6: 1 | I6: 1
A7: 1 | B7: C | C7: 3 | D7: =A7&"-"&B7&"-"&C7 -> 1-C-3 | H7: 1 | I7: 1
A8: 1 | B8: D | C8: 1 | D8: =A8&"-"&B8&"-"&C8 -> 1-D-1 | H8: 1 | I8: 1
A9: 1 | B9: D | C9: 2 | D9: =A9&"-"&B9&"-"&C9 -> 1-D-2 | F9: 1 | N9: 1
A10: 1 | B10: D | C10: 3 | D10: =A10&"-"&B10&"-"&C10 -> 1-D-3 | H10: 1 | I10: 1
A11: 1 | B11: F | C11: 1 | D11: =A11&"-"&B11&"-"&C11 -> 1-F-1 | F11: 1 | Q11: 1
A12: 1 | B12: F | C12: 2 | D12: =A12&"-"&B12&"-"&C12 -> 1-F-2 | F12: 1 | Q12: 1
A13: 1 | B13: F | C13: 3 | D13: =A13&"-"&B13&"-"&C13 -> 1-F-3 | F13: 1 | Q13: 1
A14: 1 | B14: G | C14: 1 | D14: =A14&"-"&B14&"-"&C14 -> 1-G-1 | F14: 1 | N14: 1
A15: 1 | B15: G | C15: 2 | D15: =A15&"-"&B15&"-"&C15 -> 1-G-2 | G15: 1 | O15: 1
A16: 1 | B16: G | C16: 3 | D16: =A16&"-"&B16&"-"&C16 -> 1-G-3 | H16: 1 | I16: 1
A17: 1 | B17: I | C17: 1 | D17: =A17&"-"&B17&"-"&C17 -> 1-I-1 | H17: 1 | I17: 1
A18: 1 | B18: I | C18: 2 | D18: =A18&"-"&B18&"-"&C18 -> 1-I-2 | F18: 1 | R18: 1
A19: 1 | B19: I | C19: 3 | D19: =A19&"-"&B19&"-"&C19 -> 1-I-3 | F19: 1 | R19: 1
A20: 2 | B20: A | C20: 1 | D20: =A20&"-"&B20&"-"&C20 -> 2-A-1 | H20: 1 | I20: 1
A21: 2 | B21: A | C21: 2 | D21: =A21&"-"&B21&"-"&C21 -> 2-A-2 | F21: 1 | Q21: 1
A22: 2 | B22: A | C22: 3 | D22: =A22&"-"&B22&"-"&C22 -> 2-A-3 | H22: 1 | I22: 1
A23: 2 | B23: C | C23: 1 | D23: =A23&"-"&B23&"-"&C23 -> 2-C-1 | H23: 1 | I23: 1
A24: 2 | B24: C | C24: 2 | D24: =A24&"-"&B24&"-"&C24 -> 2-C-2 | H24: 1 | I24: 1
A25: 2 | B25: C | C25: 3 | D25: =A25&"-"&B25&"-"&C25 -> 2-C-3 | H25: 1 | I25: 1
A26: 2 | B26: D | C26: 1 | D26: =A26&"-"&B26&"-"&C26 -> 2-D-1 | G26: 1 | Q26: 1
A27: 2 | B27: D | C27: 2 | D27: =A27&"-"&B27&"-"&C27 -> 2-D-2 | H27: 1 | I27: 1
A28: 2 | B28: D | C28: 3 | D28: =A28&"-"&B28&"-"&C28 -> 2-D-3 | H28: 1 | J28: 1
A29: 2 | B29: F | C29: 1 | D29: =A29&"-"&B29&"-"&C29 -> 2-F-1 | H29: 1 | I29: 1
A30: 2 | B30: F | C30: 2 | D30: =A30&"-"&B30&"-"&C30 -> 2-F-2 | H30: 1 | I30: 1
A31: 2 | B31: F | C31: 3 | D31: =A31&"-"&B31&"-"&C31 -> 2-F-3 | H31: 1 | I31: 1
A32: 2 | B32: G | C32: 1 | D32: =A32&"-"&B32&"-"&C32 -> 2-G-1 | H32: 1 | I32: 1
A33: 2 | B33: G | C33: 2 | D33: =A33&"-"&B33&"-"&C33 -> 2-G-2 | F33: 1 | N33: 1
A34: 2 | B34: G | C34: 3 | D34: =A34&"-"&B34&"-"&C34 -> 2-G-3 | H34: 1 | I34: 1
A35: 2 | B35: I | C35: 1 | D35: =A35&"-"&B35&"-"&C35 -> 2-I-1 | H35: 1 | I35: 1
A36: 2 | B36: I | C36: 2 | D36: =A36&"-"&B36&"-"&C36 -> 2-I-2 | H36: 1 | I36: 1
A37: 2 | B37: I | C37: 3 | D37: =A37&"-"&B37&"-"&C37 -> 2-I-3 | F37: 1 | N37: 1
A38: 3 | B38: A | C38: 1 | D38: =A38&"-"&B38&"-"&C38 -> 3-A-1 | H38: 1 | I38: 1
A39: 3 | B39: A | C39: 2 | D39: =A39&"-"&B39&"-"&C39 -> 3-A-2 | H39: 1 | I39: 1
A40: 3 | B40: A | C40: 3 | D40: =A40&"-"&B40&"-"&C40 -> 3-A-3 | H40: 1 | I40: 1
A41: 3 | B41: C | C41: 1 | D41: =A41&"-"&B41&"-"&C41 -> 3-C-1 | H41: 1 | I41: 1
A42: 3 | B42: C | C42: 2 | D42: =A42&"-"&B42&"-"&C42 -> 3-C-2 | H42: 1 | I42: 1
A43: 3 | B43: C | C43: 3 | D43: =A43&"-"&B43&"-"&C43 -> 3-C-3 | H43: 1 | I43: 1
A44: 3 | B44: D | C44: 1 | D44: =A44&"-"&B44&"-"&C44 -> 3-D-1 | H44: 1 | I44: 1
A45: 3 | B45: D | C45: 2 | D45: =A45&"-"&B45&"-"&C45 -> 3-D-2 | H45: 1 | I45: 1
A46: 3 | B46: D | C46: 3 | D46: =A46&"-"&B46&"-"&C46 -> 3-D-3 | H46: 1 | I46: 1
A47: 3 | B47: F | C47: 1 | D47: =A47&"-"&B47&"-"&C47 -> 3-F-1 | H47: 1 | I47: 1
A48: 3 | B48: F | C48: 2 | D48: =A48&"-"&B48&"-"&C48 -> 3-F-2 | H48: 1 | I48: 1
A49: 3 | B49: F | C49: 3 | D49: =A49&"-"&B49&"-"&C49 -> 3-F-3 | H49: 1 | I49: 1
... A57: 4 | B57: A | C57: 2 | D57: =A57&"-"&B57&"-"&C57 -> 4-A-2 | H57: 1 | I57: 1
A58: 4 | B58: A | C58: 3 | D58: =A58&"-"&B58&"-"&C58 -> 4-A-3 | G58: 1 | P58: 1
A59: 4 | B59: C | C59: 1 | D59: =A59&"-"&B59&"-"&C59 -> 4-C-1 | H59: 1 | I59: 1
A60: 4 | B60: C | C60: 2 | D60: =A60&"-"&B60&"-"&C60 -> 4-C-2 | H60: 1 | I60: 1
A61: 4 | B61: C | C61: 3 | D61: =A61&"-"&B61&"-"&C61 -> 4-C-3 | H61: 1 | I61: 1
A62: 4 | B62: D | C62: 1 | D62: =A62&"-"&B62&"-"&C62 -> 4-D-1 | H62: 1 | I62: 1
A63: 4 | B63: D | C63: 2 | D63: =A63&"-"&B63&"-"&C63 -> 4-D-2 | G63: 1 | P63: 1
A64: 4 | B64: D | C64: 3 | D64: =A64&"-"&B64&"-"&C64 -> 4-D-3 | G64: 1 | P64: 1
A65: 4 | B65: F | C65: 1 | D65: =A65&"-"&B65&"-"&C65 -> 4-F-1 | H65: 1 | I65: 1
A66: 4 | B66: F | C66: 2 | D66: =A66&"-"&B66&"-"&C66 -> 4-F-2 | H66: 1 | I66: 1
A67: 4 | B67: F | C67: 3 | D67: =A67&"-"&B67&"-"&C67 -> 4-F-3 | G67: 1 | P67: 1
A68: 4 | B68: G | C68: 1 | D68: =A68&"-"&B68&"-"&C68 -> 4-G-1 | H68: 1 | I68: 1
A69: 4 | B69: G | C69: 2 | D69: =A69&"-"&B69&"-"&C69 -> 4-G-2 | H69: 1 | I69: 1
A70: 4 | B70: G | C70: 3 | D70: =A70&"-"&B70&"-"&C70 -> 4-G-3 | H70: 1 | I70: 1
A71: 4 | B71: I | C71: 1 | D71: =A71&"-"&B71&"-"&C71 -> 4-I-1 | H71: 1 | I71: 1
A72: 4 | B72: I | C72: 2 | D72: =A72&"-"&B72&"-"&C72 -> 4-I-2 | H72: 1 | I72: 1
A73: 4 | B73: I | C73: 3 | D73: =A73&"-"&B73&"-"&C73 -> 4-I-3 | H73: 1 | I73: 1
A74: 5 | B74: A | C74: 1 | D74: =A74&"-"&B74&"-"&C74 -> 5-A-1 | H74: 1 | I74: 1
A75: 5 | B75: A | C75: 2 | D75: =A75&"-"&B75&"-"&C75 -> 5-A-2 | F75: 1 | N75: 1
A76: 5 | B76: A | C76: 3 | D76: =A76&"-"&B76&"-"&C76 -> 5-A-3 | F76: 1 | N76: 1
A77: 5 | B77: C | C77: 1 | D77: =A77&"-"&B77&"-"&C77 -> 5-C-1 | H77: 1 | I77: 1
A78: 5 | B78: C | C78: 2 | D78: =A78&"-"&B78&"-"&C78 -> 5-C-2 | H78: 1 | I78: 1
A79: 5 | B79: C | C79: 3 | D79: =A79&"-"&B79&"-"&C79 -> 5-C-3 | H79: 1 | I79: 1
A80: 5 | B80: D | C80: 1 | D80: =A80&"-"&B80&"-"&C80 -> 5-D-1 | H80: 1 | I80: 1
A81: 5 | B81: D | C81: 2 | D81: =A81&"-"&B81&"-"&C81 -> 5-D-2 | H81: 1 | I81: 1
A82: 5 | B82: D | C82: 3 | D82: =A82&"-"&B82&"-"&C82 -> 5-D-3 | H82: 1 | I82: 1
A83: 5 | B83: F | C83: 1 | D83: =A83&"-"&B83&"-"&C83 -> 5-F-1 | H83: 1 | I83: 1
A84: 5 | B84: F | C84: 2 | D84: =A84&"-"&B84&"-"&C84 -> 5-F-2 | H84: 1 | I84: 1
A85: 5 | B85: F | C85: 3 | D85: =A85&"-"&B85&"-"&C85 -> 5-F-3 | G85: 1 | P85: 1
A86: 5 | B86: G | C86: 1 | D86: =A86&"-"&B86&"-"&C86 -> 5-G-1 | H86: 1 | I86: 1
A87: 5 | B87: G | C87: 2 | D87: =A87&"-"&B87&"-"&C87 -> 5-G-2 | H87: 1 | I87: 1
A88: 5 | B88: G | C88: 3 | D88: =A88&"-"&B88&"-"&C88 -> 5-G-3 | H88: 1 | I88: 1
A89: 5 | B89: I | C89: 1 | D89: =A89&"-"&B89&"-"&C89 -> 5-I-1 | H89: 1 | I89: 1
A90: 5 | B90: I | C90: 2 | D90: =A90&"-"&B90&"-"&C90 -> 5-I-2 | H90: 1 | I90: 1
A91: 5 | B91: I | C91: 3 | D91: =A91&"-"&B91&"-"&C91 -> 5-I-3 | H91: 1 | I91: 1
A92: 6 | B92: A | C92: 1 | D92: =A92&"-"&B92&"-"&C92 -> 6-A-1 | H92: 1 | I92: 1
A93: 6 | B93: A | C93: 2 | D93: =A93&"-"&B93&"-"&C93 -> 6-A-2 | H93: 1 | I93: 1
A94: 6 | B94: A | C94: 3 | D94: =A94&"-"&B94&"-"&C94 -> 6-A-3 | G94: 1 | P94: 1
A95: 6 | B95: C | C95: 1 | D95: =A95&"-"&B95&"-"&C95 -> 6-C-1 | F95: 1 | N95: 1
A96: 6 | B96: C | C96: 2 | D96: =A96&"-"&B96&"-"&C96 -> 6-C-2 | H96: 1 | I96: 1
A97: 6 | B97: C | C97: 3 | D97: =A97&"-"&B97&"-"&C97 -> 6-C-3 | F97: 1 | Q97: 1
A98: 6 | B98: D | C98: 1 | D98: =A98&"-"&B98&"-"&C98 -> 6-D-1 | H98: 1 | I98: 1
A99: 6 | B99: D | C99: 2 | D99: =A99&"-"&B99&"-"&C99 -> 6-D-2 | H99: 1 | I99: 1
A100: 6 | B100: D | C100: 3 | D100: =A100&"-"&B100&"-"&C100 -> 6-D-3 | H100: 1 | I100: 1
A101: 6 | B101: F | C101: 1 | D101: =A101&"-"&B101&"-"&C101 -> 6-F-1 | H101: 1 | I101: 1
A102: 6 | B102: F | C102: 2 | D102: =A102&"-"&B102&"-"&C102 -> 6-F-2 | H102: 1 | I102: 1
A103: 6 | B103: F | C103: 3 | D103: =A103&"-"&B103&"-"&C103 -> 6-F-3 | F103: 1 | Q103: 1
A104: 6 | B104: G | C104: 1 | D104: =A104&"-"&B104&"-"&C104 -> 6-G-1 | H104: 1 | I104: 1
A105: 6 | B105: G | C105: 2 | D105: =A105&"-"&B105&"-"&C105 -> 6-G-2 | H105: 1 | I105: 1
A106: 6 | B106: G | C106: 3 | D106: =A106&"-"&B106&"-"&C106 -> 6-G-3 | H106: 1 | I106: 1
A107: 6 | B107: I | C107: 1 | D107: =A107&"-"&B107&"-"&C107 -> 6-I-1 | H107: 1 | I107: 1
...

Sheet sum_orient_20260622
A1: Orientation | B1: Success | C1: Success after intervention | D1: Success if further action were taken | E1: Failed | F1: Grasp point not good, potential failure | G1: No poses generated | H1: Grasp too loose | I1: Fell during turning around | J1: Grasp point too high, placement needs manual adjustment | K1: Grasp point too low, placement distant from holder | L1: Grasp in opposite direction | M1: Possible collision between links | N1: Grasp aborted due to joint limits | O1: Object not face out after placement | P1: Trials | Q1: Success rate(S+PS)
A2: 1 | B2: =SUMIF(result_20260622!$A:$A,sum_orient_20260622!$A2,INDEX(result_20260622!$A:$Z,0,MATCH(sum_orient_20260622!B$1,result_20260622!$1:$1,0))) -> 0 | C2: =SUMIF(result_20260622!$A:$A,sum_orient_20260622!$A2,INDEX(result_20260622!$A:$Z,0,MATCH(sum_orient_20260622!C$1,result_20260622!$1:$1,0))) -> 7 | D2: =SUMIF(result_20260622!$A:$A,sum_orient_20260622!$A2,INDEX(result_20260622!$A:$Z,0,MATCH(sum_orient_20260622!D$1,result_20260622!$1:$1,0))) -> 1 | E2: =SUMIF(result_20260622!$A:$A,sum_orient_20260622!$A2,INDEX(result_20260622!$A:$Z,0,MATCH(sum_orient_20260622!E$1,result_20260622!$1:$1,0))) -> 10 | F2: =SUMIF(result_20260622!$A:$A,sum_orient_20260622!$A2,INDEX(result_20260622!$A:$Z,0,MATCH(sum_orient_20260622!F$1,result_20260622!$1:$1,0))) -> 1 | G2: =SUMIF(result_20260622!$A:$A,sum_orient_20260622!$A2,INDEX(result_20260622!$A:$Z,0,MATCH(sum_orient_20260622!G$1,result_20260622!$1:$1,0))) -> 0 | H2: =SUMIF(result_20260622!$A:$A,sum_orient_20260622!$A2,INDEX(result_20260622!$A:$Z,0,MATCH(sum_orient_20260622!H$1,result_20260622!$1:$1,0))) -> 10 | I2: =SUMIF(result_20260622!$A:$A,sum_orient_20260622!$A2,INDEX(result_20260622!$A:$Z,0,MATCH(sum_orient_20260622!I$1,result_20260622!$1:$1,0))) -> 0 | ... O2: =SUMIF(result_20260622!$A:$A,sum_orient_20260622!$A2,INDEX(result_20260622!$A:$Z,0,MATCH(sum_orient_20260622!O$1,result_20260622!$1:$1,0))) -> 2 | P2: =SUM(B2:E2) -> 18 | Q2: =SUM(B2+C2)/P2 -> 0.38888889
A3: 2 | B3: =SUMIF(result_20260622!$A:$A,sum_orient_20260622!$A3,INDEX(result_20260622!$A:$Z,0,MATCH(sum_orient_20260622!B$1,result_20260622!$1:$1,0))) -> 0 | C3: =SUMIF(result_20260622!$A:$A,sum_orient_20260622!$A3,INDEX(result_20260622!$A:$Z,0,MATCH(sum_orient_20260622!C$1,result_20260622!$1:$1,0))) -> 3 | D3: =SUMIF(result_20260622!$A:$A,sum_orient_20260622!$A3,INDEX(result_20260622!$A:$Z,0,MATCH(sum_orient_20260622!D$1,result_20260622!$1:$1,0))) -> 1 | E3: =SUMIF(result_20260622!$A:$A,sum_orient_20260622!$A3,INDEX(result_20260622!$A:$Z,0,MATCH(sum_orient_20260622!E$1,result_20260622!$1:$1,0))) -> 14 | F3: =SUMIF(result_20260622!$A:$A,sum_orient_20260622!$A3,INDEX(result_20260622!$A:$Z,0,MATCH(sum_orient_20260622!F$1,result_20260622!$1:$1,0))) -> 0 | G3: =SUMIF(result_20260622!$A:$A,sum_orient_20260622!$A3,INDEX(result_20260622!$A:$Z,0,MATCH(sum_orient_20260622!G$1,result_20260622!$1:$1,0))) -> 0 | H3: =SUMIF(result_20260622!$A:$A,sum_orient_20260622!$A3,INDEX(result_20260622!$A:$Z,0,MATCH(sum_orient_20260622!H$1,result_20260622!$1:$1,0))) -> 13 | I3: =SUMIF(result_20260622!$A:$A,sum_orient_20260622!$A3,INDEX(result_20260622!$A:$Z,0,MATCH(sum_orient_20260622!I$1,result_20260622!$1:$1,0))) -> 1 | ... O3: =SUMIF(result_20260622!$A:$A,sum_orient_20260622!$A3,INDEX(result_20260622!$A:$Z,0,MATCH(sum_orient_20260622!O$1,result_20260622!$1:$1,0))) -> 0 | P3: =SUM(B3:E3) -> 18 | Q3: =SUM(B3+C3)/P3 -> 0.16666667
A4: 3 | B4: =SUMIF(result_20260622!$A:$A,sum_orient_20260622!$A4,INDEX(result_20260622!$A:$Z,0,MATCH(sum_orient_20260622!B$1,result_20260622!$1:$1,0))) -> 0 | C4: =SUMIF(result_20260622!$A:$A,sum_orient_20260622!$A4,INDEX(result_20260622!$A:$Z,0,MATCH(sum_orient_20260622!C$1,result_20260622!$1:$1,0))) -> 0 | D4: =SUMIF(result_20260622!$A:$A,sum_orient_20260622!$A4,INDEX(result_20260622!$A:$Z,0,MATCH(sum_orient_20260622!D$1,result_20260622!$1:$1,0))) -> 0 | E4: =SUMIF(result_20260622!$A:$A,sum_orient_20260622!$A4,INDEX(result_20260622!$A:$Z,0,MATCH(sum_orient_20260622!E$1,result_20260622!$1:$1,0))) -> 18 | F4: =SUMIF(result_20260622!$A:$A,sum_orient_20260622!$A4,INDEX(result_20260622!$A:$Z,0,MATCH(sum_orient_20260622!F$1,result_20260622!$1:$1,0))) -> 0 | G4: =SUMIF(result_20260622!$A:$A,sum_orient_20260622!$A4,INDEX(result_20260622!$A:$Z,0,MATCH(sum_orient_20260622!G$1,result_20260622!$1:$1,0))) -> 0 | H4: =SUMIF(result_20260622!$A:$A,sum_orient_20260622!$A4,INDEX(result_20260622!$A:$Z,0,MATCH(sum_orient_20260622!H$1,result_20260622!$1:$1,0))) -> 18 | I4: =SUMIF(result_20260622!$A:$A,sum_orient_20260622!$A4,INDEX(result_20260622!$A:$Z,0,MATCH(sum_orient_20260622!I$1,result_20260622!$1:$1,0))) -> 0 | ... O4: =SUMIF(result_20260622!$A:$A,sum_orient_20260622!$A4,INDEX(result_20260622!$A:$Z,0,MATCH(sum_orient_20260622!O$1,result_20260622!$1:$1,0))) -> 0 | P4: =SUM(B4:E4) -> 18 | Q4: =SUM(B4+C4)/P4 -> 0
A5: 4 | B5: =SUMIF(result_20260622!$A:$A,sum_orient_20260622!$A5,INDEX(result_20260622!$A:$Z,0,MATCH(sum_orient_20260622!B$1,result_20260622!$1:$1,0))) -> 0 | C5: =SUMIF(result_20260622!$A:$A,sum_orient_20260622!$A5,INDEX(result_20260622!$A:$Z,0,MATCH(sum_orient_20260622!C$1,result_20260622!$1:$1,0))) -> 0 | D5: =SUMIF(result_20260622!$A:$A,sum_orient_20260622!$A5,INDEX(result_20260622!$A:$Z,0,MATCH(sum_orient_20260622!D$1,result_20260622!$1:$1,0))) -> 4 | E5: =SUMIF(result_20260622!$A:$A,sum_orient_20260622!$A5,INDEX(result_20260622!$A:$Z,0,MATCH(sum_orient_20260622!E$1,result_20260622!$1:$1,0))) -> 14 | F5: =SUMIF(result_20260622!$A:$A,sum_orient_20260622!$A5,INDEX(result_20260622!$A:$Z,0,MATCH(sum_orient_20260622!F$1,result_20260622!$1:$1,0))) -> 0 | G5: =SUMIF(result_20260622!$A:$A,sum_orient_20260622!$A5,INDEX(result_20260622!$A:$Z,0,MATCH(sum_orient_20260622!G$1,result_20260622!$1:$1,0))) -> 0 | H5: =SUMIF(result_20260622!$A:$A,sum_orient_20260622!$A5,INDEX(result_20260622!$A:$Z,0,MATCH(sum_orient_20260622!H$1,result_20260622!$1:$1,0))) -> 14 | I5: =SUMIF(result_20260622!$A:$A,sum_orient_20260622!$A5,INDEX(result_20260622!$A:$Z,0,MATCH(sum_orient_20260622!I$1,result_20260622!$1:$1,0))) -> 0 | ... O5: =SUMIF(result_20260622!$A:$A,sum_orient_20260622!$A5,INDEX(result_20260622!$A:$Z,0,MATCH(sum_orient_20260622!O$1,result_20260622!$1:$1,0))) -> 0 | P5: =SUM(B5:E5) -> 18 | Q5: =SUM(B5+C5)/P5 -> 0
A6: 5 | B6: =SUMIF(result_20260622!$A:$A,sum_orient_20260622!$A6,INDEX(result_20260622!$A:$Z,0,MATCH(sum_orient_20260622!B$1,result_20260622!$1:$1,0))) -> 0 | C6: =SUMIF(result_20260622!$A:$A,sum_orient_20260622!$A6,INDEX(result_20260622!$A:$Z,0,MATCH(sum_orient_20260622!C$1,result_20260622!$1:$1,0))) -> 2 | D6: =SUMIF(result_20260622!$A:$A,sum_orient_20260622!$A6,INDEX(result_20260622!$A:$Z,0,MATCH(sum_orient_20260622!D$1,result_20260622!$1:$1,0))) -> 1 | E6: =SUMIF(result_20260622!$A:$A,sum_orient_20260622!$A6,INDEX(result_20260622!$A:$Z,0,MATCH(sum_orient_20260622!E$1,result_20260622!$1:$1,0))) -> 15 | F6: =SUMIF(result_20260622!$A:$A,sum_orient_20260622!$A6,INDEX(result_20260622!$A:$Z,0,MATCH(sum_orient_20260622!F$1,result_20260622!$1:$1,0))) -> 0 | G6: =SUMIF(result_20260622!$A:$A,sum_orient_20260622!$A6,INDEX(result_20260622!$A:$Z,0,MATCH(sum_orient_20260622!G$1,result_20260622!$1:$1,0))) -> 0 | H6: =SUMIF(result_20260622!$A:$A,sum_orient_20260622!$A6,INDEX(result_20260622!$A:$Z,0,MATCH(sum_orient_20260622!H$1,result_20260622!$1:$1,0))) -> 15 | I6: =SUMIF(result_20260622!$A:$A,sum_orient_20260622!$A6,INDEX(result_20260622!$A:$Z,0,MATCH(sum_orient_20260622!I$1,result_20260622!$1:$1,0))) -> 0 | ... O6: =SUMIF(result_20260622!$A:$A,sum_orient_20260622!$A6,INDEX(result_20260622!$A:$Z,0,MATCH(sum_orient_20260622!O$1,result_20260622!$1:$1,0))) -> 0 | P6: =SUM(B6:E6) -> 18 | Q6: =SUM(B6+C6)/P6 -> 0.11111111
A7: 6 | B7: =SUMIF(result_20260622!$A:$A,sum_orient_20260622!$A7,INDEX(result_20260622!$A:$Z,0,MATCH(sum_orient_20260622!B$1,result_20260622!$1:$1,0))) -> 0 | C7: =SUMIF(result_20260622!$A:$A,sum_orient_20260622!$A7,INDEX(result_20260622!$A:$Z,0,MATCH(sum_orient_20260622!C$1,result_20260622!$1:$1,0))) -> 4 | D7: =SUMIF(result_20260622!$A:$A,sum_orient_20260622!$A7,INDEX(result_20260622!$A:$Z,0,MATCH(sum_orient_20260622!D$1,result_20260622!$1:$1,0))) -> 1 | E7: =SUMIF(result_20260622!$A:$A,sum_orient_20260622!$A7,INDEX(result_20260622!$A:$Z,0,MATCH(sum_orient_20260622!E$1,result_20260622!$1:$1,0))) -> 13 | F7: =SUMIF(result_20260622!$A:$A,sum_orient_20260622!$A7,INDEX(result_20260622!$A:$Z,0,MATCH(sum_orient_20260622!F$1,result_20260622!$1:$1,0))) -> 0 | G7: =SUMIF(result_20260622!$A:$A,sum_orient_20260622!$A7,INDEX(result_20260622!$A:$Z,0,MATCH(sum_orient_20260622!G$1,result_20260622!$1:$1,0))) -> 0 | H7: =SUMIF(result_20260622!$A:$A,sum_orient_20260622!$A7,INDEX(result_20260622!$A:$Z,0,MATCH(sum_orient_20260622!H$1,result_20260622!$1:$1,0))) -> 12 | I7: =SUMIF(result_20260622!$A:$A,sum_orient_20260622!$A7,INDEX(result_20260622!$A:$Z,0,MATCH(sum_orient_20260622!I$1,result_20260622!$1:$1,0))) -> 1 | ... O7: =SUMIF(result_20260622!$A:$A,sum_orient_20260622!$A7,INDEX(result_20260622!$A:$Z,0,MATCH(sum_orient_20260622!O$1,result_20260622!$1:$1,0))) -> 0 | P7: =SUM(B7:E7) -> 18 | Q7: =SUM(B7+C7)/P7 -> 0.22222222
A8: 7 | B8: =SUMIF(result_20260622!$A:$A,sum_orient_20260622!$A8,INDEX(result_20260622!$A:$Z,0,MATCH(sum_orient_20260622!B$1,result_20260622!$1:$1,0))) -> 0 | C8: =SUMIF(result_20260622!$A:$A,sum_orient_20260622!$A8,INDEX(result_20260622!$A:$Z,0,MATCH(sum_orient_20260622!C$1,result_20260622!$1:$1,0))) -> 0 | D8: =SUMIF(result_20260622!$A:$A,sum_orient_20260622!$A8,INDEX(result_20260622!$A:$Z,0,MATCH(sum_orient_20260622!D$1,result_20260622!$1:$1,0))) -> 2 | E8: =SUMIF(result_20260622!$A:$A,sum_orient_20260622!$A8,INDEX(result_20260622!$A:$Z,0,MATCH(sum_orient_20260622!E$1,result_20260622!$1:$1,0))) -> 16 | F8: =SUMIF(result_20260622!$A:$A,sum_orient_20260622!$A8,INDEX(result_20260622!$A:$Z,0,MATCH(sum_orient_20260622!F$1,result_20260622!$1:$1,0))) -> 2 | G8: =SUMIF(result_20260622!$A:$A,sum_orient_20260622!$A8,INDEX(result_20260622!$A:$Z,0,MATCH(sum_orient_20260622!G$1,result_20260622!$1:$1,0))) -> 0 | H8: =SUMIF(result_20260622!$A:$A,sum_orient_20260622!$A8,INDEX(result_20260622!$A:$Z,0,MATCH(sum_orient_20260622!H$1,result_20260622!$1:$1,0))) -> 5 | I8: =SUMIF(result_20260622!$A:$A,sum_orient_20260622!$A8,INDEX(result_20260622!$A:$Z,0,MATCH(sum_orient_20260622!I$1,result_20260622!$1:$1,0))) -> 0 | ... O8: =SUMIF(result_20260622!$A:$A,sum_orient_20260622!$A8,INDEX(result_20260622!$A:$Z,0,MATCH(sum_orient_20260622!O$1,result_20260622!$1:$1,0))) -> 0 | P8: =SUM(B8:E8) -> 18 | Q8: =SUM(B8+C8)/P8 -> 0
A9: 8 | B9: =SUMIF(result_20260622!$A:$A,sum_orient_20260622!$A9,INDEX(result_20260622!$A:$Z,0,MATCH(sum_orient_20260622!B$1,result_20260622!$1:$1,0))) -> 0 | C9: =SUMIF(result_20260622!$A:$A,sum_orient_20260622!$A9,INDEX(result_20260622!$A:$Z,0,MATCH(sum_orient_20260622!C$1,result_20260622!$1:$1,0))) -> 4 | D9: =SUMIF(result_20260622!$A:$A,sum_orient_20260622!$A9,INDEX(result_20260622!$A:$Z,0,MATCH(sum_orient_20260622!D$1,result_20260622!$1:$1,0))) -> 0 | E9: =SUMIF(result_20260622!$A:$A,sum_orient_20260622!$A9,INDEX(result_20260622!$A:$Z,0,MATCH(sum_orient_20260622!E$1,result_20260622!$1:$1,0))) -> 14 | F9: =SUMIF(result_20260622!$A:$A,sum_orient_20260622!$A9,INDEX(result_20260622!$A:$Z,0,MATCH(sum_orient_20260622!F$1,result_20260622!$1:$1,0))) -> 1 | G9: =SUMIF(result_20260622!$A:$A,sum_orient_20260622!$A9,INDEX(result_20260622!$A:$Z,0,MATCH(sum_orient_20260622!G$1,result_20260622!$1:$1,0))) -> 0 | H9: =SUMIF(result_20260622!$A:$A,sum_orient_20260622!$A9,INDEX(result_20260622!$A:$Z,0,MATCH(sum_orient_20260622!H$1,result_20260622!$1:$1,0))) -> 14 | I9: =SUMIF(result_20260622!$A:$A,sum_orient_20260622!$A9,INDEX(result_20260622!$A:$Z,0,MATCH(sum_orient_20260622!I$1,result_20260622!$1:$1,0))) -> 0 | ... O9: =SUMIF(result_20260622!$A:$A,sum_orient_20260622!$A9,INDEX(result_20260622!$A:$Z,0,MATCH(sum_orient_20260622!O$1,result_20260622!$1:$1,0))) -> 0 | P9: =SUM(B9:E9) -> 18 | Q9: =SUM(B9+C9)/P9 -> 0.22222222
A10: SUM | B10: =SUM(B2:B9) -> 0 | C10: =SUM(C2:C9) -> 20 | D10: =SUM(D2:D9) -> 10 | E10: =SUM(E2:E9) -> 114 | F10: =SUM(F2:F9) -> 4 | G10: =SUM(G2:G9) -> 0 | H10: =SUM(H2:H9) -> 101 | I10: =SUM(I2:I9) -> 2 | ... P10: =SUM(P2:P9) -> 144 | Q10: =SUM(B10+C10)/P10 -> 0.13888889
A12: Excluding Orient. 3,5,7
A13: Orientation | B13: Success | C13: Success after intervention | D13: Success if further action were taken | E13: Failed | F13: Grasp point not good, potential failure | G13: No poses generated | H13: Grasp too loose | I13: Fell during turning around | J13: Grasp point too high, placement needs manual adjustment | K13: Grasp point too low, placement distant from holder | L13: Grasp in opposite direction | M13: Possible collision between links | N13: Grasp aborted due to joint limits | O13: Object not face out after placement | P13: Trials | Q13: Success rate(S+PS)
A14: 1 | B14: =SUMIF(result_20260622!$A:$A,sum_orient_20260622!$A14,INDEX(result_20260622!$A:$Z,0,MATCH(sum_orient_20260622!B$1,result_20260622!$1:$1,0))) -> 0 | C14: =SUMIF(result_20260622!$A:$A,sum_orient_20260622!$A14,INDEX(result_20260622!$A:$Z,0,MATCH(sum_orient_20260622!C$1,result_20260622!$1:$1,0))) -> 7 | D14: =SUMIF(result_20260622!$A:$A,sum_orient_20260622!$A14,INDEX(result_20260622!$A:$Z,0,MATCH(sum_orient_20260622!D$1,result_20260622!$1:$1,0))) -> 1 | E14: =SUMIF(result_20260622!$A:$A,sum_orient_20260622!$A14,INDEX(result_20260622!$A:$Z,0,MATCH(sum_orient_20260622!E$1,result_20260622!$1:$1,0))) -> 10 | F14: =SUMIF(result_20260622!$A:$A,sum_orient_20260622!$A14,INDEX(result_20260622!$A:$Z,0,MATCH(sum_orient_20260622!F$1,result_20260622!$1:$1,0))) -> 1 | G14: =SUMIF(result_20260622!$A:$A,sum_orient_20260622!$A14,INDEX(result_20260622!$A:$Z,0,MATCH(sum_orient_20260622!G$1,result_20260622!$1:$1,0))) -> 0 | H14: =SUMIF(result_20260622!$A:$A,sum_orient_20260622!$A14,INDEX(result_20260622!$A:$Z,0,MATCH(sum_orient_20260622!H$1,result_20260622!$1:$1,0))) -> 10 | I14: =SUMIF(result_20260622!$A:$A,sum_orient_20260622!$A14,INDEX(result_20260622!$A:$Z,0,MATCH(sum_orient_20260622!I$1,result_20260622!$1:$1,0))) -> 0 | ... O14: =SUMIF(result_20260622!$A:$A,sum_orient_20260622!$A14,INDEX(result_20260622!$A:$Z,0,MATCH(sum_orient_20260622!O$1,result_20260622!$1:$1,0))) -> 2 | P14: =SUM(B14:E14) -> 18 | Q14: =SUM(B14+C14)/P14 -> 0.38888889
A15: 2 | B15: =SUMIF(result_20260622!$A:$A,sum_orient_20260622!$A15,INDEX(result_20260622!$A:$Z,0,MATCH(sum_orient_20260622!B$1,result_20260622!$1:$1,0))) -> 0 | C15: =SUMIF(result_20260622!$A:$A,sum_orient_20260622!$A15,INDEX(result_20260622!$A:$Z,0,MATCH(sum_orient_20260622!C$1,result_20260622!$1:$1,0))) -> 3 | D15: =SUMIF(result_20260622!$A:$A,sum_orient_20260622!$A15,INDEX(result_20260622!$A:$Z,0,MATCH(sum_orient_20260622!D$1,result_20260622!$1:$1,0))) -> 1 | E15: =SUMIF(result_20260622!$A:$A,sum_orient_20260622!$A15,INDEX(result_20260622!$A:$Z,0,MATCH(sum_orient_20260622!E$1,result_20260622!$1:$1,0))) -> 14 | F15: =SUMIF(result_20260622!$A:$A,sum_orient_20260622!$A15,INDEX(result_20260622!$A:$Z,0,MATCH(sum_orient_20260622!F$1,result_20260622!$1:$1,0))) -> 0 | G15: =SUMIF(result_20260622!$A:$A,sum_orient_20260622!$A15,INDEX(result_20260622!$A:$Z,0,MATCH(sum_orient_20260622!G$1,result_20260622!$1:$1,0))) -> 0 | H15: =SUMIF(result_20260622!$A:$A,sum_orient_20260622!$A15,INDEX(result_20260622!$A:$Z,0,MATCH(sum_orient_20260622!H$1,result_20260622!$1:$1,0))) -> 13 | I15: =SUMIF(result_20260622!$A:$A,sum_orient_20260622!$A15,INDEX(result_20260622!$A:$Z,0,MATCH(sum_orient_20260622!I$1,result_20260622!$1:$1,0))) -> 1 | ... O15: =SUMIF(result_20260622!$A:$A,sum_orient_20260622!$A15,INDEX(result_20260622!$A:$Z,0,MATCH(sum_orient_20260622!O$1,result_20260622!$1:$1,0))) -> 0 | P15: =SUM(B15:E15) -> 18 | Q15: =SUM(B15+C15)/P15 -> 0.16666667
A16: 4 | B16: =SUMIF(result_20260622!$A:$A,sum_orient_20260622!$A16,INDEX(result_20260622!$A:$Z,0,MATCH(sum_orient_20260622!B$1,result_20260622!$1:$1,0))) -> 0 | C16: =SUMIF(result_20260622!$A:$A,sum_orient_20260622!$A16,INDEX(result_20260622!$A:$Z,0,MATCH(sum_orient_20260622!C$1,result_20260622!$1:$1,0))) -> 0 | D16: =SUMIF(result_20260622!$A:$A,sum_orient_20260622!$A16,INDEX(result_20260622!$A:$Z,0,MATCH(sum_orient_20260622!D$1,result_20260622!$1:$1,0))) -> 4 | E16: =SUMIF(result_20260622!$A:$A,sum_orient_20260622!$A16,INDEX(result_20260622!$A:$Z,0,MATCH(sum_orient_20260622!E$1,result_20260622!$1:$1,0))) -> 14 | F16: =SUMIF(result_20260622!$A:$A,sum_orient_20260622!$A16,INDEX(result_20260622!$A:$Z,0,MATCH(sum_orient_20260622!F$1,result_20260622!$1:$1,0))) -> 0 | G16: =SUMIF(result_20260622!$A:$A,sum_orient_20260622!$A16,INDEX(result_20260622!$A:$Z,0,MATCH(sum_orient_20260622!G$1,result_20260622!$1:$1,0))) -> 0 | H16: =SUMIF(result_20260622!$A:$A,sum_orient_20260622!$A16,INDEX(result_20260622!$A:$Z,0,MATCH(sum_orient_20260622!H$1,result_20260622!$1:$1,0))) -> 14 | I16: =SUMIF(result_20260622!$A:$A,sum_orient_20260622!$A16,INDEX(result_20260622!$A:$Z,0,MATCH(sum_orient_20260622!I$1,result_20260622!$1:$1,0))) -> 0 | ... O16: =SUMIF(result_20260622!$A:$A,sum_orient_20260622!$A16,INDEX(result_20260622!$A:$Z,0,MATCH(sum_orient_20260622!O$1,result_20260622!$1:$1,0))) -> 0 | P16: =SUM(B16:E16) -> 18 | Q16: =SUM(B16+C16)/P16 -> 0
A17: 6 | B17: =SUMIF(result_20260622!$A:$A,sum_orient_20260622!$A17,INDEX(result_20260622!$A:$Z,0,MATCH(sum_orient_20260622!B$1,result_20260622!$1:$1,0))) -> 0 | C17: =SUMIF(result_20260622!$A:$A,sum_orient_20260622!$A17,INDEX(result_20260622!$A:$Z,0,MATCH(sum_orient_20260622!C$1,result_20260622!$1:$1,0))) -> 4 | D17: =SUMIF(result_20260622!$A:$A,sum_orient_20260622!$A17,INDEX(result_20260622!$A:$Z,0,MATCH(sum_orient_20260622!D$1,result_20260622!$1:$1,0))) -> 1 | E17: =SUMIF(result_20260622!$A:$A,sum_orient_20260622!$A17,INDEX(result_20260622!$A:$Z,0,MATCH(sum_orient_20260622!E$1,result_20260622!$1:$1,0))) -> 13 | F17: =SUMIF(result_20260622!$A:$A,sum_orient_20260622!$A17,INDEX(result_20260622!$A:$Z,0,MATCH(sum_orient_20260622!F$1,result_20260622!$1:$1,0))) -> 0 | G17: =SUMIF(result_20260622!$A:$A,sum_orient_20260622!$A17,INDEX(result_20260622!$A:$Z,0,MATCH(sum_orient_20260622!G$1,result_20260622!$1:$1,0))) -> 0 | H17: =SUMIF(result_20260622!$A:$A,sum_orient_20260622!$A17,INDEX(result_20260622!$A:$Z,0,MATCH(sum_orient_20260622!H$1,result_20260622!$1:$1,0))) -> 12 | I17: =SUMIF(result_20260622!$A:$A,sum_orient_20260622!$A17,INDEX(result_20260622!$A:$Z,0,MATCH(sum_orient_20260622!I$1,result_20260622!$1:$1,0))) -> 1 | ... O17: =SUMIF(result_20260622!$A:$A,sum_orient_20260622!$A17,INDEX(result_20260622!$A:$Z,0,MATCH(sum_orient_20260622!O$1,result_20260622!$1:$1,0))) -> 0 | P17: =SUM(B17:E17) -> 18 | Q17: =SUM(B17+C17)/P17 -> 0.22222222
A18: 8 | B18: =SUMIF(result_20260622!$A:$A,sum_orient_20260622!$A18,INDEX(result_20260622!$A:$Z,0,MATCH(sum_orient_20260622!B$1,result_20260622!$1:$1,0))) -> 0 | C18: =SUMIF(result_20260622!$A:$A,sum_orient_20260622!$A18,INDEX(result_20260622!$A:$Z,0,MATCH(sum_orient_20260622!C$1,result_20260622!$1:$1,0))) -> 4 | D18: =SUMIF(result_20260622!$A:$A,sum_orient_20260622!$A18,INDEX(result_20260622!$A:$Z,0,MATCH(sum_orient_20260622!D$1,result_20260622!$1:$1,0))) -> 0 | E18: =SUMIF(result_20260622!$A:$A,sum_orient_20260622!$A18,INDEX(result_20260622!$A:$Z,0,MATCH(sum_orient_20260622!E$1,result_20260622!$1:$1,0))) -> 14 | F18: =SUMIF(result_20260622!$A:$A,sum_orient_20260622!$A18,INDEX(result_20260622!$A:$Z,0,MATCH(sum_orient_20260622!F$1,result_20260622!$1:$1,0))) -> 1 | G18: =SUMIF(result_20260622!$A:$A,sum_orient_20260622!$A18,INDEX(result_20260622!$A:$Z,0,MATCH(sum_orient_20260622!G$1,result_20260622!$1:$1,0))) -> 0 | H18: =SUMIF(result_20260622!$A:$A,sum_orient_20260622!$A18,INDEX(result_20260622!$A:$Z,0,MATCH(sum_orient_20260622!H$1,result_20260622!$1:$1,0))) -> 14 | I18: =SUMIF(result_20260622!$A:$A,sum_orient_20260622!$A18,INDEX(result_20260622!$A:$Z,0,MATCH(sum_orient_20260622!I$1,result_20260622!$1:$1,0))) -> 0 | ... O18: =SUMIF(result_20260622!$A:$A,sum_orient_20260622!$A18,INDEX(result_20260622!$A:$Z,0,MATCH(sum_orient_20260622!O$1,result_20260622!$1:$1,0))) -> 0 | P18: =SUM(B18:E18) -> 18 | Q18: =SUM(B18+C18)/P18 -> 0.22222222
A19: SUM | B19: =SUM(B14:B18) -> 0 | C19: =SUM(C14:C18) -> 18 | D19: =SUM(D14:D18) -> 7 | E19: =SUM(E14:E18) -> 65 | F19: =SUM(F14:F18) -> 2 | G19: =SUM(G14:G18) -> 0 | H19: =SUM(H14:H18) -> 63 | I19: =SUM(I14:I18) -> 2 | ... P19: =SUM(P14:P18) -> 90 | Q19: =SUM(B19+C19)/P19 -> 0.2

Sheet sum_pos_20260622
A1: Position | B1: Success | C1: Success after intervention | D1: Success if further action were taken | E1: Failed | F1: Grasp point not good, potential failure | G1: No poses generated | H1: Fell during turning around | I1: Grasp too loose | J1: Grasp point too high, placement needs manual adjustment | K1: Grasp point too low, placement distant from holder | L1: Grasp in opposite direction | M1: Possible collision between links | N1: Grasp aborted due to joint limits | O1: Object not face out after placement | P1: Trials | Q1: Success rate(S+PS)
A2: A | B2: =SUMIF(result_20260622!$B:$B,sum_pos_20260622!$A2,INDEX(result_20260622!$A:$Z,0,MATCH(sum_pos_20260622!B$1,result_20260622!$1:$1,0))) -> 0 | C2: =SUMIF(result_20260622!$B:$B,sum_pos_20260622!$A2,INDEX(result_20260622!$A:$Z,0,MATCH(sum_pos_20260622!C$1,result_20260622!$1:$1,0))) -> 4 | D2: =SUMIF(result_20260622!$B:$B,sum_pos_20260622!$A2,INDEX(result_20260622!$A:$Z,0,MATCH(sum_pos_20260622!D$1,result_20260622!$1:$1,0))) -> 2 | E2: =SUMIF(result_20260622!$B:$B,sum_pos_20260622!$A2,INDEX(result_20260622!$A:$Z,0,MATCH(sum_pos_20260622!E$1,result_20260622!$1:$1,0))) -> 18 | F2: =SUMIF(result_20260622!$B:$B,sum_pos_20260622!$A2,INDEX(result_20260622!$A:$Z,0,MATCH(sum_pos_20260622!F$1,result_20260622!$1:$1,0))) -> 0 | G2: =SUMIF(result_20260622!$B:$B,sum_pos_20260622!$A2,INDEX(result_20260622!$A:$Z,0,MATCH(sum_pos_20260622!G$1,result_20260622!$1:$1,0))) -> 0 | H2: =SUMIF(result_20260622!$B:$B,sum_pos_20260622!$A2,INDEX(result_20260622!$A:$Z,0,MATCH(sum_pos_20260622!H$1,result_20260622!$1:$1,0))) -> 0 | I2: =SUMIF(result_20260622!$B:$B,sum_pos_20260622!$A2,INDEX(result_20260622!$A:$Z,0,MATCH(sum_pos_20260622!I$1,result_20260622!$1:$1,0))) -> 16 | ... O2: =SUMIF(result_20260622!$B:$B,sum_pos_20260622!$A2,INDEX(result_20260622!$A:$Z,0,MATCH(sum_pos_20260622!O$1,result_20260622!$1:$1,0))) -> 0 | P2: =SUM(B2:E2) -> 24 | Q2: =SUM(B2:C2)/P2 -> 0.16666667
A3: B | B3: =SUMIF(result_20260622!$B:$B,sum_pos_20260622!$A3,INDEX(result_20260622!$A:$Z,0,MATCH(sum_pos_20260622!B$1,result_20260622!$1:$1,0))) -> 0 | C3: =SUMIF(result_20260622!$B:$B,sum_pos_20260622!$A3,INDEX(result_20260622!$A:$Z,0,MATCH(sum_pos_20260622!C$1,result_20260622!$1:$1,0))) -> 0 | D3: =SUMIF(result_20260622!$B:$B,sum_pos_20260622!$A3,INDEX(result_20260622!$A:$Z,0,MATCH(sum_pos_20260622!D$1,result_20260622!$1:$1,0))) -> 0 | E3: =SUMIF(result_20260622!$B:$B,sum_pos_20260622!$A3,INDEX(result_20260622!$A:$Z,0,MATCH(sum_pos_20260622!E$1,result_20260622!$1:$1,0))) -> 0 | F3: =SUMIF(result_20260622!$B:$B,sum_pos_20260622!$A3,INDEX(result_20260622!$A:$Z,0,MATCH(sum_pos_20260622!F$1,result_20260622!$1:$1,0))) -> 0 | G3: =SUMIF(result_20260622!$B:$B,sum_pos_20260622!$A3,INDEX(result_20260622!$A:$Z,0,MATCH(sum_pos_20260622!G$1,result_20260622!$1:$1,0))) -> 0 | H3: =SUMIF(result_20260622!$B:$B,sum_pos_20260622!$A3,INDEX(result_20260622!$A:$Z,0,MATCH(sum_pos_20260622!H$1,result_20260622!$1:$1,0))) -> 0 | I3: =SUMIF(result_20260622!$B:$B,sum_pos_20260622!$A3,INDEX(result_20260622!$A:$Z,0,MATCH(sum_pos_20260622!I$1,result_20260622!$1:$1,0))) -> 0 | ... O3: =SUMIF(result_20260622!$B:$B,sum_pos_20260622!$A3,INDEX(result_20260622!$A:$Z,0,MATCH(sum_pos_20260622!O$1,result_20260622!$1:$1,0))) -> 0 | P3: =SUM(B3:E3) -> 0 | Q3: =SUM(B3:C3)/P3 -> #DIV/0!
A4: C | B4: =SUMIF(result_20260622!$B:$B,sum_pos_20260622!$A4,INDEX(result_20260622!$A:$Z,0,MATCH(sum_pos_20260622!B$1,result_20260622!$1:$1,0))) -> 0 | C4: =SUMIF(result_20260622!$B:$B,sum_pos_20260622!$A4,INDEX(result_20260622!$A:$Z,0,MATCH(sum_pos_20260622!C$1,result_20260622!$1:$1,0))) -> 4 | D4: =SUMIF(result_20260622!$B:$B,sum_pos_20260622!$A4,INDEX(result_20260622!$A:$Z,0,MATCH(sum_pos_20260622!D$1,result_20260622!$1:$1,0))) -> 0 | E4: =SUMIF(result_20260622!$B:$B,sum_pos_20260622!$A4,INDEX(result_20260622!$A:$Z,0,MATCH(sum_pos_20260622!E$1,result_20260622!$1:$1,0))) -> 20 | F4: =SUMIF(result_20260622!$B:$B,sum_pos_20260622!$A4,INDEX(result_20260622!$A:$Z,0,MATCH(sum_pos_20260622!F$1,result_20260622!$1:$1,0))) -> 0 | G4: =SUMIF(result_20260622!$B:$B,sum_pos_20260622!$A4,INDEX(result_20260622!$A:$Z,0,MATCH(sum_pos_20260622!G$1,result_20260622!$1:$1,0))) -> 0 | H4: =SUMIF(result_20260622!$B:$B,sum_pos_20260622!$A4,INDEX(result_20260622!$A:$Z,0,MATCH(sum_pos_20260622!H$1,result_20260622!$1:$1,0))) -> 0 | I4: =SUMIF(result_20260622!$B:$B,sum_pos_20260622!$A4,INDEX(result_20260622!$A:$Z,0,MATCH(sum_pos_20260622!I$1,result_20260622!$1:$1,0))) -> 17 | ... O4: =SUMIF(result_20260622!$B:$B,sum_pos_20260622!$A4,INDEX(result_20260622!$A:$Z,0,MATCH(sum_pos_20260622!O$1,result_20260622!$1:$1,0))) -> 0 | P4: =SUM(B4:E4) -> 24 | Q4: =SUM(B4:C4)/P4 -> 0.16666667
A5: D | B5: =SUMIF(result_20260622!$B:$B,sum_pos_20260622!$A5,INDEX(result_20260622!$A:$Z,0,MATCH(sum_pos_20260622!B$1,result_20260622!$1:$1,0))) -> 0 | C5: =SUMIF(result_20260622!$B:$B,sum_pos_20260622!$A5,INDEX(result_20260622!$A:$Z,0,MATCH(sum_pos_20260622!C$1,result_20260622!$1:$1,0))) -> 2 | D5: =SUMIF(result_20260622!$B:$B,sum_pos_20260622!$A5,INDEX(result_20260622!$A:$Z,0,MATCH(sum_pos_20260622!D$1,result_20260622!$1:$1,0))) -> 3 | E5: =SUMIF(result_20260622!$B:$B,sum_pos_20260622!$A5,INDEX(result_20260622!$A:$Z,0,MATCH(sum_pos_20260622!E$1,result_20260622!$1:$1,0))) -> 19 | F5: =SUMIF(result_20260622!$B:$B,sum_pos_20260622!$A5,INDEX(result_20260622!$A:$Z,0,MATCH(sum_pos_20260622!F$1,result_20260622!$1:$1,0))) -> 1 | G5: =SUMIF(result_20260622!$B:$B,sum_pos_20260622!$A5,INDEX(result_20260622!$A:$Z,0,MATCH(sum_pos_20260622!G$1,result_20260622!$1:$1,0))) -> 0 | H5: =SUMIF(result_20260622!$B:$B,sum_pos_20260622!$A5,INDEX(result_20260622!$A:$Z,0,MATCH(sum_pos_20260622!H$1,result_20260622!$1:$1,0))) -> 1 | I5: =SUMIF(result_20260622!$B:$B,sum_pos_20260622!$A5,INDEX(result_20260622!$A:$Z,0,MATCH(sum_pos_20260622!I$1,result_20260622!$1:$1,0))) -> 15 | ... O5: =SUMIF(result_20260622!$B:$B,sum_pos_20260622!$A5,INDEX(result_20260622!$A:$Z,0,MATCH(sum_pos_20260622!O$1,result_20260622!$1:$1,0))) -> 0 | P5: =SUM(B5:E5) -> 24 | Q5: =SUM(B5:C5)/P5 -> 0.083333333
A6: E | B6: =SUMIF(result_20260622!$B:$B,sum_pos_20260622!$A6,INDEX(result_20260622!$A:$Z,0,MATCH(sum_pos_20260622!B$1,result_20260622!$1:$1,0))) -> 0 | C6: =SUMIF(result_20260622!$B:$B,sum_pos_20260622!$A6,INDEX(result_20260622!$A:$Z,0,MATCH(sum_pos_20260622!C$1,result_20260622!$1:$1,0))) -> 0 | D6: =SUMIF(result_20260622!$B:$B,sum_pos_20260622!$A6,INDEX(result_20260622!$A:$Z,0,MATCH(sum_pos_20260622!D$1,result_20260622!$1:$1,0))) -> 0 | E6: =SUMIF(result_20260622!$B:$B,sum_pos_20260622!$A6,INDEX(result_20260622!$A:$Z,0,MATCH(sum_pos_20260622!E$1,result_20260622!$1:$1,0))) -> 0 | F6: =SUMIF(result_20260622!$B:$B,sum_pos_20260622!$A6,INDEX(result_20260622!$A:$Z,0,MATCH(sum_pos_20260622!F$1,result_20260622!$1:$1,0))) -> 0 | G6: =SUMIF(result_20260622!$B:$B,sum_pos_20260622!$A6,INDEX(result_20260622!$A:$Z,0,MATCH(sum_pos_20260622!G$1,result_20260622!$1:$1,0))) -> 0 | H6: =SUMIF(result_20260622!$B:$B,sum_pos_20260622!$A6,INDEX(result_20260622!$A:$Z,0,MATCH(sum_pos_20260622!H$1,result_20260622!$1:$1,0))) -> 0 | I6: =SUMIF(result_20260622!$B:$B,sum_pos_20260622!$A6,INDEX(result_20260622!$A:$Z,0,MATCH(sum_pos_20260622!I$1,result_20260622!$1:$1,0))) -> 0 | ... O6: =SUMIF(result_20260622!$B:$B,sum_pos_20260622!$A6,INDEX(result_20260622!$A:$Z,0,MATCH(sum_pos_20260622!O$1,result_20260622!$1:$1,0))) -> 0 | P6: =SUM(B6:E6) -> 0 | Q6: =SUM(B6:C6)/P6 -> #DIV/0!
A7: F | B7: =SUMIF(result_20260622!$B:$B,sum_pos_20260622!$A7,INDEX(result_20260622!$A:$Z,0,MATCH(sum_pos_20260622!B$1,result_20260622!$1:$1,0))) -> 0 | C7: =SUMIF(result_20260622!$B:$B,sum_pos_20260622!$A7,INDEX(result_20260622!$A:$Z,0,MATCH(sum_pos_20260622!C$1,result_20260622!$1:$1,0))) -> 4 | D7: =SUMIF(result_20260622!$B:$B,sum_pos_20260622!$A7,INDEX(result_20260622!$A:$Z,0,MATCH(sum_pos_20260622!D$1,result_20260622!$1:$1,0))) -> 2 | E7: =SUMIF(result_20260622!$B:$B,sum_pos_20260622!$A7,INDEX(result_20260622!$A:$Z,0,MATCH(sum_pos_20260622!E$1,result_20260622!$1:$1,0))) -> 18 | F7: =SUMIF(result_20260622!$B:$B,sum_pos_20260622!$A7,INDEX(result_20260622!$A:$Z,0,MATCH(sum_pos_20260622!F$1,result_20260622!$1:$1,0))) -> 0 | G7: =SUMIF(result_20260622!$B:$B,sum_pos_20260622!$A7,INDEX(result_20260622!$A:$Z,0,MATCH(sum_pos_20260622!G$1,result_20260622!$1:$1,0))) -> 0 | H7: =SUMIF(result_20260622!$B:$B,sum_pos_20260622!$A7,INDEX(result_20260622!$A:$Z,0,MATCH(sum_pos_20260622!H$1,result_20260622!$1:$1,0))) -> 0 | I7: =SUMIF(result_20260622!$B:$B,sum_pos_20260622!$A7,INDEX(result_20260622!$A:$Z,0,MATCH(sum_pos_20260622!I$1,result_20260622!$1:$1,0))) -> 15 | ... O7: =SUMIF(result_20260622!$B:$B,sum_pos_20260622!$A7,INDEX(result_20260622!$A:$Z,0,MATCH(sum_pos_20260622!O$1,result_20260622!$1:$1,0))) -> 0 | P7: =SUM(B7:E7) -> 24 | Q7: =SUM(B7:C7)/P7 -> 0.16666667
A8: G | B8: =SUMIF(result_20260622!$B:$B,sum_pos_20260622!$A8,INDEX(result_20260622!$A:$Z,0,MATCH(sum_pos_20260622!B$1,result_20260622!$1:$1,0))) -> 0 | C8: =SUMIF(result_20260622!$B:$B,sum_pos_20260622!$A8,INDEX(result_20260622!$A:$Z,0,MATCH(sum_pos_20260622!C$1,result_20260622!$1:$1,0))) -> 2 | D8: =SUMIF(result_20260622!$B:$B,sum_pos_20260622!$A8,INDEX(result_20260622!$A:$Z,0,MATCH(sum_pos_20260622!D$1,result_20260622!$1:$1,0))) -> 2 | E8: =SUMIF(result_20260622!$B:$B,sum_pos_20260622!$A8,INDEX(result_20260622!$A:$Z,0,MATCH(sum_pos_20260622!E$1,result_20260622!$1:$1,0))) -> 20 | F8: =SUMIF(result_20260622!$B:$B,sum_pos_20260622!$A8,INDEX(result_20260622!$A:$Z,0,MATCH(sum_pos_20260622!F$1,result_20260622!$1:$1,0))) -> 2 | G8: =SUMIF(result_20260622!$B:$B,sum_pos_20260622!$A8,INDEX(result_20260622!$A:$Z,0,MATCH(sum_pos_20260622!G$1,result_20260622!$1:$1,0))) -> 0 | H8: =SUMIF(result_20260622!$B:$B,sum_pos_20260622!$A8,INDEX(result_20260622!$A:$Z,0,MATCH(sum_pos_20260622!H$1,result_20260622!$1:$1,0))) -> 0 | I8: =SUMIF(result_20260622!$B:$B,sum_pos_20260622!$A8,INDEX(result_20260622!$A:$Z,0,MATCH(sum_pos_20260622!I$1,result_20260622!$1:$1,0))) -> 20 | ... O8: =SUMIF(result_20260622!$B:$B,sum_pos_20260622!$A8,INDEX(result_20260622!$A:$Z,0,MATCH(sum_pos_20260622!O$1,result_20260622!$1:$1,0))) -> 0 | P8: =SUM(B8:E8) -> 24 | Q8: =SUM(B8:C8)/P8 -> 0.083333333
A9: H | B9: =SUMIF(result_20260622!$B:$B,sum_pos_20260622!$A9,INDEX(result_20260622!$A:$Z,0,MATCH(sum_pos_20260622!B$1,result_20260622!$1:$1,0))) -> 0 | C9: =SUMIF(result_20260622!$B:$B,sum_pos_20260622!$A9,INDEX(result_20260622!$A:$Z,0,MATCH(sum_pos_20260622!C$1,result_20260622!$1:$1,0))) -> 0 | D9: =SUMIF(result_20260622!$B:$B,sum_pos_20260622!$A9,INDEX(result_20260622!$A:$Z,0,MATCH(sum_pos_20260622!D$1,result_20260622!$1:$1,0))) -> 0 | E9: =SUMIF(result_20260622!$B:$B,sum_pos_20260622!$A9,INDEX(result_20260622!$A:$Z,0,MATCH(sum_pos_20260622!E$1,result_20260622!$1:$1,0))) -> 0 | F9: =SUMIF(result_20260622!$B:$B,sum_pos_20260622!$A9,INDEX(result_20260622!$A:$Z,0,MATCH(sum_pos_20260622!F$1,result_20260622!$1:$1,0))) -> 0 | G9: =SUMIF(result_20260622!$B:$B,sum_pos_20260622!$A9,INDEX(result_20260622!$A:$Z,0,MATCH(sum_pos_20260622!G$1,result_20260622!$1:$1,0))) -> 0 | H9: =SUMIF(result_20260622!$B:$B,sum_pos_20260622!$A9,INDEX(result_20260622!$A:$Z,0,MATCH(sum_pos_20260622!H$1,result_20260622!$1:$1,0))) -> 0 | I9: =SUMIF(result_20260622!$B:$B,sum_pos_20260622!$A9,INDEX(result_20260622!$A:$Z,0,MATCH(sum_pos_20260622!I$1,result_20260622!$1:$1,0))) -> 0 | ... O9: =SUMIF(result_20260622!$B:$B,sum_pos_20260622!$A9,INDEX(result_20260622!$A:$Z,0,MATCH(sum_pos_20260622!O$1,result_20260622!$1:$1,0))) -> 0 | P9: =SUM(B9:E9) -> 0 | Q9: =SUM(B9:C9)/P9 -> #DIV/0!
A10: I | B10: =SUMIF(result_20260622!$B:$B,sum_pos_20260622!$A10,INDEX(result_20260622!$A:$Z,0,MATCH(sum_pos_20260622!B$1,result_20260622!$1:$1,0))) -> 0 | C10: =SUMIF(result_20260622!$B:$B,sum_pos_20260622!$A10,INDEX(result_20260622!$A:$Z,0,MATCH(sum_pos_20260622!C$1,result_20260622!$1:$1,0))) -> 4 | D10: =SUMIF(result_20260622!$B:$B,sum_pos_20260622!$A10,INDEX(result_20260622!$A:$Z,0,MATCH(sum_pos_20260622!D$1,result_20260622!$1:$1,0))) -> 1 | E10: =SUMIF(result_20260622!$B:$B,sum_pos_20260622!$A10,INDEX(result_20260622!$A:$Z,0,MATCH(sum_pos_20260622!E$1,result_20260622!$1:$1,0))) -> 19 | F10: =SUMIF(result_20260622!$B:$B,sum_pos_20260622!$A10,INDEX(result_20260622!$A:$Z,0,MATCH(sum_pos_20260622!F$1,result_20260622!$1:$1,0))) -> 1 | G10: =SUMIF(result_20260622!$B:$B,sum_pos_20260622!$A10,INDEX(result_20260622!$A:$Z,0,MATCH(sum_pos_20260622!G$1,result_20260622!$1:$1,0))) -> 0 | H10: =SUMIF(result_20260622!$B:$B,sum_pos_20260622!$A10,INDEX(result_20260622!$A:$Z,0,MATCH(sum_pos_20260622!H$1,result_20260622!$1:$1,0))) -> 1 | I10: =SUMIF(result_20260622!$B:$B,sum_pos_20260622!$A10,INDEX(result_20260622!$A:$Z,0,MATCH(sum_pos_20260622!I$1,result_20260622!$1:$1,0))) -> 18 | ... O10: =SUMIF(result_20260622!$B:$B,sum_pos_20260622!$A10,INDEX(result_20260622!$A:$Z,0,MATCH(sum_pos_20260622!O$1,result_20260622!$1:$1,0))) -> 2 | P10: =SUM(B10:E10) -> 24 | Q10: =SUM(B10:C10)/P10 -> 0.16666667
A11: SUM | B11: =SUM(B2:B10) -> 0 | C11: =SUM(C2:C10) -> 20 | D11: =SUM(D2:D10) -> 10 | E11: =SUM(E2:E10) -> 114 | F11: =SUM(F2:F10) -> 4 | G11: =SUM(G2:G10) -> 0 | H11: =SUM(H2:H10) -> 2 | I11: =SUM(I2:I10) -> 101 | ... P11: =SUM(P2:P10) -> 144 | Q11: =SUM(B11+C11)/P11 -> 0.13888889
A13: Excluding Pos. B, E, H
A14: Position | B14: Success | C14: Success after intervention | D14: Success if further action were taken | E14: Failed | F14: Grasp point not good, potential failure | G14: No poses generated | H14: Fell during turning around | I14: Grasp too loose | J14: Grasp point too high, placement needs manual adjustment | K14: Grasp point too low, placement distant from holder | L14: Grasp in opposite direction | M14: Possible collision between links | N14: Grasp aborted due to joint limits | O14: Object not face out after placement | P14: Trials | Q14: Success rate(S+PS)
A15: A | B15: =SUMIF(result_20260622!$B:$B,sum_pos_20260622!$A15,INDEX(result_20260622!$A:$Z,0,MATCH(sum_pos_20260622!B$1,result_20260622!$1:$1,0))) -> 0 | C15: =SUMIF(result_20260622!$B:$B,sum_pos_20260622!$A15,INDEX(result_20260622!$A:$Z,0,MATCH(sum_pos_20260622!C$1,result_20260622!$1:$1,0))) -> 4 | D15: =SUMIF(result_20260622!$B:$B,sum_pos_20260622!$A15,INDEX(result_20260622!$A:$Z,0,MATCH(sum_pos_20260622!D$1,result_20260622!$1:$1,0))) -> 2 | E15: =SUMIF(result_20260622!$B:$B,sum_pos_20260622!$A15,INDEX(result_20260622!$A:$Z,0,MATCH(sum_pos_20260622!E$1,result_20260622!$1:$1,0))) -> 18 | F15: =SUMIF(result_20260622!$B:$B,sum_pos_20260622!$A15,INDEX(result_20260622!$A:$Z,0,MATCH(sum_pos_20260622!F$1,result_20260622!$1:$1,0))) -> 0 | G15: =SUMIF(result_20260622!$B:$B,sum_pos_20260622!$A15,INDEX(result_20260622!$A:$Z,0,MATCH(sum_pos_20260622!G$1,result_20260622!$1:$1,0))) -> 0 | H15: =SUMIF(result_20260622!$B:$B,sum_pos_20260622!$A15,INDEX(result_20260622!$A:$Z,0,MATCH(sum_pos_20260622!H$1,result_20260622!$1:$1,0))) -> 0 | I15: =SUMIF(result_20260622!$B:$B,sum_pos_20260622!$A15,INDEX(result_20260622!$A:$Z,0,MATCH(sum_pos_20260622!I$1,result_20260622!$1:$1,0))) -> 16 | ... O15: =SUMIF(result_20260622!$B:$B,sum_pos_20260622!$A15,INDEX(result_20260622!$A:$Z,0,MATCH(sum_pos_20260622!O$1,result_20260622!$1:$1,0))) -> 0 | P15: =SUM(B15:E15) -> 24 | Q15: =SUM(B15:C15)/P15 -> 0.16666667
A16: C | B16: =SUMIF(result_20260622!$B:$B,sum_pos_20260622!$A16,INDEX(result_20260622!$A:$Z,0,MATCH(sum_pos_20260622!B$1,result_20260622!$1:$1,0))) -> 0 | C16: =SUMIF(result_20260622!$B:$B,sum_pos_20260622!$A16,INDEX(result_20260622!$A:$Z,0,MATCH(sum_pos_20260622!C$1,result_20260622!$1:$1,0))) -> 4 | D16: =SUMIF(result_20260622!$B:$B,sum_pos_20260622!$A16,INDEX(result_20260622!$A:$Z,0,MATCH(sum_pos_20260622!D$1,result_20260622!$1:$1,0))) -> 0 | E16: =SUMIF(result_20260622!$B:$B,sum_pos_20260622!$A16,INDEX(result_20260622!$A:$Z,0,MATCH(sum_pos_20260622!E$1,result_20260622!$1:$1,0))) -> 20 | F16: =SUMIF(result_20260622!$B:$B,sum_pos_20260622!$A16,INDEX(result_20260622!$A:$Z,0,MATCH(sum_pos_20260622!F$1,result_20260622!$1:$1,0))) -> 0 | G16: =SUMIF(result_20260622!$B:$B,sum_pos_20260622!$A16,INDEX(result_20260622!$A:$Z,0,MATCH(sum_pos_20260622!G$1,result_20260622!$1:$1,0))) -> 0 | H16: =SUMIF(result_20260622!$B:$B,sum_pos_20260622!$A16,INDEX(result_20260622!$A:$Z,0,MATCH(sum_pos_20260622!H$1,result_20260622!$1:$1,0))) -> 0 | I16: =SUMIF(result_20260622!$B:$B,sum_pos_20260622!$A16,INDEX(result_20260622!$A:$Z,0,MATCH(sum_pos_20260622!I$1,result_20260622!$1:$1,0))) -> 17 | ... O16: =SUMIF(result_20260622!$B:$B,sum_pos_20260622!$A16,INDEX(result_20260622!$A:$Z,0,MATCH(sum_pos_20260622!O$1,result_20260622!$1:$1,0))) -> 0 | P16: =SUM(B16:E16) -> 24 | Q16: =SUM(B16:C16)/P16 -> 0.16666667
A17: D | B17: =SUMIF(result_20260622!$B:$B,sum_pos_20260622!$A17,INDEX(result_20260622!$A:$Z,0,MATCH(sum_pos_20260622!B$1,result_20260622!$1:$1,0))) -> 0 | C17: =SUMIF(result_20260622!$B:$B,sum_pos_20260622!$A17,INDEX(result_20260622!$A:$Z,0,MATCH(sum_pos_20260622!C$1,result_20260622!$1:$1,0))) -> 2 | D17: =SUMIF(result_20260622!$B:$B,sum_pos_20260622!$A17,INDEX(result_20260622!$A:$Z,0,MATCH(sum_pos_20260622!D$1,result_20260622!$1:$1,0))) -> 3 | E17: =SUMIF(result_20260622!$B:$B,sum_pos_20260622!$A17,INDEX(result_20260622!$A:$Z,0,MATCH(sum_pos_20260622!E$1,result_20260622!$1:$1,0))) -> 19 | F17: =SUMIF(result_20260622!$B:$B,sum_pos_20260622!$A17,INDEX(result_20260622!$A:$Z,0,MATCH(sum_pos_20260622!F$1,result_20260622!$1:$1,0))) -> 1 | G17: =SUMIF(result_20260622!$B:$B,sum_pos_20260622!$A17,INDEX(result_20260622!$A:$Z,0,MATCH(sum_pos_20260622!G$1,result_20260622!$1:$1,0))) -> 0 | H17: =SUMIF(result_20260622!$B:$B,sum_pos_20260622!$A17,INDEX(result_20260622!$A:$Z,0,MATCH(sum_pos_20260622!H$1,result_20260622!$1:$1,0))) -> 1 | I17: =SUMIF(result_20260622!$B:$B,sum_pos_20260622!$A17,INDEX(result_20260622!$A:$Z,0,MATCH(sum_pos_20260622!I$1,result_20260622!$1:$1,0))) -> 15 | ... O17: =SUMIF(result_20260622!$B:$B,sum_pos_20260622!$A17,INDEX(result_20260622!$A:$Z,0,MATCH(sum_pos_20260622!O$1,result_20260622!$1:$1,0))) -> 0 | P17: =SUM(B17:E17) -> 24 | Q17: =SUM(B17:C17)/P17 -> 0.083333333
A18: F | B18: =SUMIF(result_20260622!$B:$B,sum_pos_20260622!$A18,INDEX(result_20260622!$A:$Z,0,MATCH(sum_pos_20260622!B$1,result_20260622!$1:$1,0))) -> 0 | C18: =SUMIF(result_20260622!$B:$B,sum_pos_20260622!$A18,INDEX(result_20260622!$A:$Z,0,MATCH(sum_pos_20260622!C$1,result_20260622!$1:$1,0))) -> 4 | D18: =SUMIF(result_20260622!$B:$B,sum_pos_20260622!$A18,INDEX(result_20260622!$A:$Z,0,MATCH(sum_pos_20260622!D$1,result_20260622!$1:$1,0))) -> 2 | E18: =SUMIF(result_20260622!$B:$B,sum_pos_20260622!$A18,INDEX(result_20260622!$A:$Z,0,MATCH(sum_pos_20260622!E$1,result_20260622!$1:$1,0))) -> 18 | F18: =SUMIF(result_20260622!$B:$B,sum_pos_20260622!$A18,INDEX(result_20260622!$A:$Z,0,MATCH(sum_pos_20260622!F$1,result_20260622!$1:$1,0))) -> 0 | G18: =SUMIF(result_20260622!$B:$B,sum_pos_20260622!$A18,INDEX(result_20260622!$A:$Z,0,MATCH(sum_pos_20260622!G$1,result_20260622!$1:$1,0))) -> 0 | H18: =SUMIF(result_20260622!$B:$B,sum_pos_20260622!$A18,INDEX(result_20260622!$A:$Z,0,MATCH(sum_pos_20260622!H$1,result_20260622!$1:$1,0))) -> 0 | I18: =SUMIF(result_20260622!$B:$B,sum_pos_20260622!$A18,INDEX(result_20260622!$A:$Z,0,MATCH(sum_pos_20260622!I$1,result_20260622!$1:$1,0))) -> 15 | ... O18: =SUMIF(result_20260622!$B:$B,sum_pos_20260622!$A18,INDEX(result_20260622!$A:$Z,0,MATCH(sum_pos_20260622!O$1,result_20260622!$1:$1,0))) -> 0 | P18: =SUM(B18:E18) -> 24 | Q18: =SUM(B18:C18)/P18 -> 0.16666667
A19: G | B19: =SUMIF(result_20260622!$B:$B,sum_pos_20260622!$A19,INDEX(result_20260622!$A:$Z,0,MATCH(sum_pos_20260622!B$1,result_20260622!$1:$1,0))) -> 0 | C19: =SUMIF(result_20260622!$B:$B,sum_pos_20260622!$A19,INDEX(result_20260622!$A:$Z,0,MATCH(sum_pos_20260622!C$1,result_20260622!$1:$1,0))) -> 2 | D19: =SUMIF(result_20260622!$B:$B,sum_pos_20260622!$A19,INDEX(result_20260622!$A:$Z,0,MATCH(sum_pos_20260622!D$1,result_20260622!$1:$1,0))) -> 2 | E19: =SUMIF(result_20260622!$B:$B,sum_pos_20260622!$A19,INDEX(result_20260622!$A:$Z,0,MATCH(sum_pos_20260622!E$1,result_20260622!$1:$1,0))) -> 20 | F19: =SUMIF(result_20260622!$B:$B,sum_pos_20260622!$A19,INDEX(result_20260622!$A:$Z,0,MATCH(sum_pos_20260622!F$1,result_20260622!$1:$1,0))) -> 2 | G19: =SUMIF(result_20260622!$B:$B,sum_pos_20260622!$A19,INDEX(result_20260622!$A:$Z,0,MATCH(sum_pos_20260622!G$1,result_20260622!$1:$1,0))) -> 0 | H19: =SUMIF(result_20260622!$B:$B,sum_pos_20260622!$A19,INDEX(result_20260622!$A:$Z,0,MATCH(sum_pos_20260622!H$1,result_20260622!$1:$1,0))) -> 0 | I19: =SUMIF(result_20260622!$B:$B,sum_pos_20260622!$A19,INDEX(result_20260622!$A:$Z,0,MATCH(sum_pos_20260622!I$1,result_20260622!$1:$1,0))) -> 20 | ... O19: =SUMIF(result_20260622!$B:$B,sum_pos_20260622!$A19,INDEX(result_20260622!$A:$Z,0,MATCH(sum_pos_20260622!O$1,result_20260622!$1:$1,0))) -> 0 | P19: =SUM(B19:E19) -> 24 | Q19: =SUM(B19:C19)/P19 -> 0.083333333
A20: I | B20: =SUMIF(result_20260622!$B:$B,sum_pos_20260622!$A20,INDEX(result_20260622!$A:$Z,0,MATCH(sum_pos_20260622!B$1,result_20260622!$1:$1,0))) -> 0 | C20: =SUMIF(result_20260622!$B:$B,sum_pos_20260622!$A20,INDEX(result_20260622!$A:$Z,0,MATCH(sum_pos_20260622!C$1,result_20260622!$1:$1,0))) -> 4 | D20: =SUMIF(result_20260622!$B:$B,sum_pos_20260622!$A20,INDEX(result_20260622!$A:$Z,0,MATCH(sum_pos_20260622!D$1,result_20260622!$1:$1,0))) -> 1 | E20: =SUMIF(result_20260622!$B:$B,sum_pos_20260622!$A20,INDEX(result_20260622!$A:$Z,0,MATCH(sum_pos_20260622!E$1,result_20260622!$1:$1,0))) -> 19 | F20: =SUMIF(result_20260622!$B:$B,sum_pos_20260622!$A20,INDEX(result_20260622!$A:$Z,0,MATCH(sum_pos_20260622!F$1,result_20260622!$1:$1,0))) -> 1 | G20: =SUMIF(result_20260622!$B:$B,sum_pos_20260622!$A20,INDEX(result_20260622!$A:$Z,0,MATCH(sum_pos_20260622!G$1,result_20260622!$1:$1,0))) -> 0 | H20: =SUMIF(result_20260622!$B:$B,sum_pos_20260622!$A20,INDEX(result_20260622!$A:$Z,0,MATCH(sum_pos_20260622!H$1,result_20260622!$1:$1,0))) -> 1 | I20: =SUMIF(result_20260622!$B:$B,sum_pos_20260622!$A20,INDEX(result_20260622!$A:$Z,0,MATCH(sum_pos_20260622!I$1,result_20260622!$1:$1,0))) -> 18 | ... O20: =SUMIF(result_20260622!$B:$B,sum_pos_20260622!$A20,INDEX(result_20260622!$A:$Z,0,MATCH(sum_pos_20260622!O$1,result_20260622!$1:$1,0))) -> 2 | P20: =SUM(B20:E20) -> 24 | Q20: =SUM(B20:C20)/P20 -> 0.16666667
A21: SUM | B21: =SUM(B15:B20) -> 0 | C21: =SUM(C15:C20) -> 20 | D21: =SUM(D15:D20) -> 10 | E21: =SUM(E15:E20) -> 114 | F21: =SUM(F15:F20) -> 4 | G21: =SUM(G15:G20) -> 0 | H21: =SUM(H15:H20) -> 2 | I21: =SUM(I15:I20) -> 101 | ... P21: =SUM(P15:P20) -> 144 | Q21: =SUM(B21+C21)/P21 -> 0.13888889

Sheet sum_fail_20260622
A1: Failure reason | B1: Count | C1: Percentage | F1: Orientation | G1: sum | H1: F1 | I1: F2 | J1: F3 | K1: F4 | L1: F5 | M1: F1/% | N1: F2/% | O1: F3/% | P1: F4/% | Q1: F5/% | R1: Dominant
A2: Grasp too loose | B2: =result_20260622!I146 -> 101 | C2: =B2/$B$21 -> 0.70138889 | F2: 1 | G2: {=SUMPRODUCT((result_20260622!$A$2:$A$182=sum_fail_20260622!$F2)*result_20260622!$I$2:$R$182)} -> 18 | H2: {=SUMPRODUCT((result_20260622!$A$2:$A$182=sum_fail_20260622!$F2)*result_20260622!$I$2:$J$182)} -> 10 | I2: {=SUMPRODUCT((result_20260622!$A$2:$A$182=sum_fail_20260622!$F2)*result_20260622!$K$2:$K$182)} -> 0 | J2: {=SUMPRODUCT((result_20260622!$A$2:$A$182=sum_fail_20260622!$F2)*result_20260622!$L$2:$M$182)} -> 0 | K2: {=SUMPRODUCT((result_20260622!$A$2:$A$182=sum_fail_20260622!$F2)*result_20260622!$N$2:$N$182)} -> 2 | L2: {=SUMPRODUCT((result_20260622!$A$2:$A$182=sum_fail_20260622!$F2)*result_20260622!$O$2:$R$182)} -> 6 | M2: =H2/$G2 -> 0.55555556 | N2: =I2/$G2 -> 0 | O2: =J2/$G2 -> 0 | P2: =K2/$G2 -> 0.11111111 | Q2: =L2/$G2 -> 0.33333333 | R2: F1
A3: Object fell during turning around | B3: =result_20260622!J146 -> 2 | C3: =B3/$B$21 -> 0.013888889 | F3: 2 | G3: {=SUMPRODUCT((result_20260622!$A$2:$A$182=sum_fail_20260622!$F3)*result_20260622!$I$2:$R$182)} -> 18 | H3: {=SUMPRODUCT((result_20260622!$A$2:$A$182=sum_fail_20260622!$F3)*result_20260622!$I$2:$J$182)} -> 14 | I3: {=SUMPRODUCT((result_20260622!$A$2:$A$182=sum_fail_20260622!$F3)*result_20260622!$K$2:$K$182)} -> 0 | J3: {=SUMPRODUCT((result_20260622!$A$2:$A$182=sum_fail_20260622!$F3)*result_20260622!$L$2:$M$182)} -> 0 | K3: {=SUMPRODUCT((result_20260622!$A$2:$A$182=sum_fail_20260622!$F3)*result_20260622!$N$2:$N$182)} -> 2 | L3: {=SUMPRODUCT((result_20260622!$A$2:$A$182=sum_fail_20260622!$F3)*result_20260622!$O$2:$R$182)} -> 2 | M3: =H3/$G3 -> 0.77777778 | N3: =I3/$G3 -> 0 | O3: =J3/$G3 -> 0 | P3: =K3/$G3 -> 0.11111111 | Q3: =L3/$G3 -> 0.11111111 | R3: F1
A4: No poses generated | B4: =result_20260622!K146 -> 0 | C4: =B4/$B$21 -> 0 | F4: 3 | G4: {=SUMPRODUCT((result_20260622!$A$2:$A$182=sum_fail_20260622!$F4)*result_20260622!$I$2:$R$182)} -> 18 | H4: {=SUMPRODUCT((result_20260622!$A$2:$A$182=sum_fail_20260622!$F4)*result_20260622!$I$2:$J$182)} -> 18 | I4: {=SUMPRODUCT((result_20260622!$A$2:$A$182=sum_fail_20260622!$F4)*result_20260622!$K$2:$K$182)} -> 0 | J4: {=SUMPRODUCT((result_20260622!$A$2:$A$182=sum_fail_20260622!$F4)*result_20260622!$L$2:$M$182)} -> 0 | K4: {=SUMPRODUCT((result_20260622!$A$2:$A$182=sum_fail_20260622!$F4)*result_20260622!$N$2:$N$182)} -> 0 | L4: {=SUMPRODUCT((result_20260622!$A$2:$A$182=sum_fail_20260622!$F4)*result_20260622!$O$2:$R$182)} -> 0 | M4: =H4/$G4 -> 1 | N4: =I4/$G4 -> 0 | O4: =J4/$G4 -> 0 | P4: =K4/$G4 -> 0 | Q4: =L4/$G4 -> 0 | R4: F1
A5: Possible collision between links | B5: =result_20260622!L146 -> 11 | C5: =B5/$B$21 -> 0.076388889 | F5: 4 | G5: {=SUMPRODUCT((result_20260622!$A$2:$A$182=sum_fail_20260622!$F5)*result_20260622!$I$2:$R$182)} -> 18 | H5: {=SUMPRODUCT((result_20260622!$A$2:$A$182=sum_fail_20260622!$F5)*result_20260622!$I$2:$J$182)} -> 14 | I5: {=SUMPRODUCT((result_20260622!$A$2:$A$182=sum_fail_20260622!$F5)*result_20260622!$K$2:$K$182)} -> 0 | J5: {=SUMPRODUCT((result_20260622!$A$2:$A$182=sum_fail_20260622!$F5)*result_20260622!$L$2:$M$182)} -> 0 | K5: {=SUMPRODUCT((result_20260622!$A$2:$A$182=sum_fail_20260622!$F5)*result_20260622!$N$2:$N$182)} -> 0 | L5: {=SUMPRODUCT((result_20260622!$A$2:$A$182=sum_fail_20260622!$F5)*result_20260622!$O$2:$R$182)} -> 4 | M5: =H5/$G5 -> 0.77777778 | N5: =I5/$G5 -> 0 | O5: =J5/$G5 -> 0 | P5: =K5/$G5 -> 0 | Q5: =L5/$G5 -> 0.22222222 | R5: F1
A6: Grasp aborted due to joint limits | B6: =result_20260622!M146 -> 0 | C6: =B6/$B$21 -> 0 | F6: 5 | G6: {=SUMPRODUCT((result_20260622!$A$2:$A$182=sum_fail_20260622!$F6)*result_20260622!$I$2:$R$182)} -> 18 | H6: {=SUMPRODUCT((result_20260622!$A$2:$A$182=sum_fail_20260622!$F6)*result_20260622!$I$2:$J$182)} -> 15 | I6: {=SUMPRODUCT((result_20260622!$A$2:$A$182=sum_fail_20260622!$F6)*result_20260622!$K$2:$K$182)} -> 0 | J6: {=SUMPRODUCT((result_20260622!$A$2:$A$182=sum_fail_20260622!$F6)*result_20260622!$L$2:$M$182)} -> 0 | K6: {=SUMPRODUCT((result_20260622!$A$2:$A$182=sum_fail_20260622!$F6)*result_20260622!$N$2:$N$182)} -> 2 | L6: {=SUMPRODUCT((result_20260622!$A$2:$A$182=sum_fail_20260622!$F6)*result_20260622!$O$2:$R$182)} -> 1 | M6: =H6/$G6 -> 0.83333333 | N6: =I6/$G6 -> 0 | O6: =J6/$G6 -> 0 | P6: =K6/$G6 -> 0.11111111 | Q6: =L6/$G6 -> 0.055555556 | R6: F1
A7: Grasp in opposite direction | B7: =result_20260622!N146 -> 10 | C7: =B7/$B$21 -> 0.069444444 | F7: 6 | G7: {=SUMPRODUCT((result_20260622!$A$2:$A$182=sum_fail_20260622!$F7)*result_20260622!$I$2:$R$182)} -> 18 | H7: {=SUMPRODUCT((result_20260622!$A$2:$A$182=sum_fail_20260622!$F7)*result_20260622!$I$2:$J$182)} -> 13 | I7: {=SUMPRODUCT((result_20260622!$A$2:$A$182=sum_fail_20260622!$F7)*result_20260622!$K$2:$K$182)} -> 0 | J7: {=SUMPRODUCT((result_20260622!$A$2:$A$182=sum_fail_20260622!$F7)*result_20260622!$L$2:$M$182)} -> 0 | K7: {=SUMPRODUCT((result_20260622!$A$2:$A$182=sum_fail_20260622!$F7)*result_20260622!$N$2:$N$182)} -> 1 | L7: {=SUMPRODUCT((result_20260622!$A$2:$A$182=sum_fail_20260622!$F7)*result_20260622!$O$2:$R$182)} -> 4 | M7: =H7/$G7 -> 0.72222222 | N7: =I7/$G7 -> 0 | O7: =J7/$G7 -> 0 | P7: =K7/$G7 -> 0.055555556 | Q7: =L7/$G7 -> 0.22222222 | R7: F1
A8: Grasp point not good, potential failure | B8: =result_20260622!O146 -> 4 | C8: =B8/$B$21 -> 0.027777778 | F8: 7 | G8: {=SUMPRODUCT((result_20260622!$A$2:$A$182=sum_fail_20260622!$F8)*result_20260622!$I$2:$R$182)} -> 18 | H8: {=SUMPRODUCT((result_20260622!$A$2:$A$182=sum_fail_20260622!$F8)*result_20260622!$I$2:$J$182)} -> 5 | I8: {=SUMPRODUCT((result_20260622!$A$2:$A$182=sum_fail_20260622!$F8)*result_20260622!$K$2:$K$182)} -> 0 | J8: {=SUMPRODUCT((result_20260622!$A$2:$A$182=sum_fail_20260622!$F8)*result_20260622!$L$2:$M$182)} -> 11 | K8: {=SUMPRODUCT((result_20260622!$A$2:$A$182=sum_fail_20260622!$F8)*result_20260622!$N$2:$N$182)} -> 0 | L8: {=SUMPRODUCT((result_20260622!$A$2:$A$182=sum_fail_20260622!$F8)*result_20260622!$O$2:$R$182)} -> 2 | M8: =H8/$G8 -> 0.27777778 | N8: =I8/$G8 -> 0 | O8: =J8/$G8 -> 0.61111111 | P8: =K8/$G8 -> 0 | Q8: =L8/$G8 -> 0.11111111 | R8: F3
A9: Grasp point too high, placement needs manual adjustment | B9: =result_20260622!P146 -> 6 | C9: =B9/$B$21 -> 0.041666667 | F9: 8 | G9: {=SUMPRODUCT((result_20260622!$A$2:$A$182=sum_fail_20260622!$F9)*result_20260622!$I$2:$R$182)} -> 18 | H9: {=SUMPRODUCT((result_20260622!$A$2:$A$182=sum_fail_20260622!$F9)*result_20260622!$I$2:$J$182)} -> 14 | I9: {=SUMPRODUCT((result_20260622!$A$2:$A$182=sum_fail_20260622!$F9)*result_20260622!$K$2:$K$182)} -> 0 | J9: {=SUMPRODUCT((result_20260622!$A$2:$A$182=sum_fail_20260622!$F9)*result_20260622!$L$2:$M$182)} -> 0 | K9: {=SUMPRODUCT((result_20260622!$A$2:$A$182=sum_fail_20260622!$F9)*result_20260622!$N$2:$N$182)} -> 3 | L9: {=SUMPRODUCT((result_20260622!$A$2:$A$182=sum_fail_20260622!$F9)*result_20260622!$O$2:$R$182)} -> 1 | M9: =H9/$G9 -> 0.77777778 | N9: =I9/$G9 -> 0 | O9: =J9/$G9 -> 0 | P9: =K9/$G9 -> 0.16666667 | Q9: =L9/$G9 -> 0.055555556 | R9: F1
A10: Grasp point too low, placement distant from holder | B10: =result_20260622!Q146 -> 8 | C10: =B10/$B$21 -> 0.055555556 | G10: =SUM(G2:G9) -> 144 | H10: =SUM(H2:H9) -> 103 | I10: =SUM(I2:I9) -> 0 | J10: =SUM(J2:J9) -> 11 | K10: =SUM(K2:K9) -> 10 | L10: =SUM(L2:L9) -> 20
A11: Object not face out after placement | B11: =result_20260611!R146 -> 0 | C11: =B11/$B$21 -> 0
F12: Position | G12: sum | H12: F1 | I12: F2 | J12: F3 | K12: F4 | L12: F5
F13: A | G13: {=SUMPRODUCT((result_20260622!$B$2:$B$182=sum_fail_20260622!$F13)*result_20260622!$I$2:$R$182)} -> 24 | H13: {=SUMPRODUCT((result_20260622!$B$2:$B$182=sum_fail_20260622!$F13)*result_20260622!$I$2:$J$182)} -> 16 | I13: {=SUMPRODUCT((result_20260622!$B$2:$B$182=sum_fail_20260622!$F13)*result_20260622!$K$2:$K$182)} -> 0 | J13: {=SUMPRODUCT((result_20260622!$B$2:$B$182=sum_fail_20260622!$F13)*result_20260622!$L$2:$M$182)} -> 2 | K13: {=SUMPRODUCT((result_20260622!$B$2:$B$182=sum_fail_20260622!$F13)*result_20260622!$N$2:$N$182)} -> 3 | L13: {=SUMPRODUCT((result_20260622!$B$2:$B$182=sum_fail_20260622!$F13)*result_20260622!$O$2:$R$182)} -> 3
F14: C | G14: {=SUMPRODUCT((result_20260622!$B$2:$B$182=sum_fail_20260622!$F14)*result_20260622!$I$2:$R$182)} -> 24 | H14: {=SUMPRODUCT((result_20260622!$B$2:$B$182=sum_fail_20260622!$F14)*result_20260622!$I$2:$J$182)} -> 17 | I14: {=SUMPRODUCT((result_20260622!$B$2:$B$182=sum_fail_20260622!$F14)*result_20260622!$K$2:$K$182)} -> 0 | J14: {=SUMPRODUCT((result_20260622!$B$2:$B$182=sum_fail_20260622!$F14)*result_20260622!$L$2:$M$182)} -> 3 | K14: {=SUMPRODUCT((result_20260622!$B$2:$B$182=sum_fail_20260622!$F14)*result_20260622!$N$2:$N$182)} -> 3 | L14: {=SUMPRODUCT((result_20260622!$B$2:$B$182=sum_fail_20260622!$F14)*result_20260622!$O$2:$R$182)} -> 1
A15: Success | B15: =result_20260622!E146 -> 0 | F15: D | G15: {=SUMPRODUCT((result_20260622!$B$2:$B$182=sum_fail_20260622!$F15)*result_20260622!$I$2:$R$182)} -> 24 | H15: {=SUMPRODUCT((result_20260622!$B$2:$B$182=sum_fail_20260622!$F15)*result_20260622!$I$2:$J$182)} -> 16 | I15: {=SUMPRODUCT((result_20260622!$B$2:$B$182=sum_fail_20260622!$F15)*result_20260622!$K$2:$K$182)} -> 0 | J15: {=SUMPRODUCT((result_20260622!$B$2:$B$182=sum_fail_20260622!$F15)*result_20260622!$L$2:$M$182)} -> 3 | K15: {=SUMPRODUCT((result_20260622!$B$2:$B$182=sum_fail_20260622!$F15)*result_20260622!$N$2:$N$182)} -> 1 | L15: {=SUMPRODUCT((result_20260622!$B$2:$B$182=sum_fail_20260622!$F15)*result_20260622!$O$2:$R$182)} -> 4
A16: Success after intervention | B16: =result_20260622!F146 -> 20 | F16: F | G16: {=SUMPRODUCT((result_20260622!$B$2:$B$182=sum_fail_20260622!$F16)*result_20260622!$I$2:$R$182)} -> 24 | H16: {=SUMPRODUCT((result_20260622!$B$2:$B$182=sum_fail_20260622!$F16)*result_20260622!$I$2:$J$182)} -> 15 | I16: {=SUMPRODUCT((result_20260622!$B$2:$B$182=sum_fail_20260622!$F16)*result_20260622!$K$2:$K$182)} -> 0 | J16: {=SUMPRODUCT((result_20260622!$B$2:$B$182=sum_fail_20260622!$F16)*result_20260622!$L$2:$M$182)} -> 3 | K16: {=SUMPRODUCT((result_20260622!$B$2:$B$182=sum_fail_20260622!$F16)*result_20260622!$N$2:$N$182)} -> 0 | L16: {=SUMPRODUCT((result_20260622!$B$2:$B$182=sum_fail_20260622!$F16)*result_20260622!$O$2:$R$182)} -> 6
A17: Success if further action were taken | B17: =result_20260622!G146 -> 10 | F17: G | G17: {=SUMPRODUCT((result_20260622!$B$2:$B$182=sum_fail_20260622!$F17)*result_20260622!$I$2:$R$182)} -> 24 | H17: {=SUMPRODUCT((result_20260622!$B$2:$B$182=sum_fail_20260622!$F17)*result_20260622!$I$2:$J$182)} -> 20 | I17: {=SUMPRODUCT((result_20260622!$B$2:$B$182=sum_fail_20260622!$F17)*result_20260622!$K$2:$K$182)} -> 0 | J17: {=SUMPRODUCT((result_20260622!$B$2:$B$182=sum_fail_20260622!$F17)*result_20260622!$L$2:$M$182)} -> 0 | K17: {=SUMPRODUCT((result_20260622!$B$2:$B$182=sum_fail_20260622!$F17)*result_20260622!$N$2:$N$182)} -> 2 | L17: {=SUMPRODUCT((result_20260622!$B$2:$B$182=sum_fail_20260622!$F17)*result_20260622!$O$2:$R$182)} -> 2
A18: Failed | B18: =result_20260622!H146 -> 114 | F18: I | G18: {=SUMPRODUCT((result_20260622!$B$2:$B$182=sum_fail_20260622!$F18)*result_20260622!$I$2:$R$182)} -> 24 | H18: {=SUMPRODUCT((result_20260622!$B$2:$B$182=sum_fail_20260622!$F18)*result_20260622!$I$2:$J$182)} -> 19 | I18: {=SUMPRODUCT((result_20260622!$B$2:$B$182=sum_fail_20260622!$F18)*result_20260622!$K$2:$K$182)} -> 0 | J18: {=SUMPRODUCT((result_20260622!$B$2:$B$182=sum_fail_20260622!$F18)*result_20260622!$L$2:$M$182)} -> 0 | K18: {=SUMPRODUCT((result_20260622!$B$2:$B$182=sum_fail_20260622!$F18)*result_20260622!$N$2:$N$182)} -> 1 | L18: {=SUMPRODUCT((result_20260622!$B$2:$B$182=sum_fail_20260622!$F18)*result_20260622!$O$2:$R$182)} -> 4
A19: Trials | B19: =SUM(result_20260611!E146:H146) -> 144 | G19: =SUM(G13:G18) -> 144 | H19: =SUM(H13:H18) -> 103 | I19: =SUM(I13:I18) -> 0 | J19: =SUM(J13:J18) -> 11 | K19: =SUM(K13:K18) -> 10 | L19: =SUM(L13:L18) -> 20
A20: Failed trails (PF+F) | B20: =SUM(result_20260622!G146:H146) -> 124
A21: Partially Success and Failed trails (PS+PF+F) | B21: =B16+B17+B18 -> 144
C22: PS+PS+F | D22: PF+F
A23: F1: Grip force failure | B23: =result_20260622!I146+result_20260622!J146 -> 103 | C23: =B23/$B$21 -> 0.71527778 | D23: =B23/$B$20 -> 0.83064516
A24: F2: No valid pose | B24: =result_20260622!K146 -> 0 | C24: =B24/$B$21 -> 0 | D24: =B24/$B$20 -> 0
A25: F3: Kinematic infeasibility | B25: =result_20260622!L146+result_20260622!M146 -> 11 | C25: =B25/$B$21 -> 0.076388889 | D25: =B25/$B$20 -> 0.088709677
A26: F4: Orientation error | B26: =result_20260622!N146 -> 10 | C26: =B26/$B$21 -> 0.069444444 | D26: =B26/$B$20 -> 0.080645161
A27: F5: Manual intervention necessary | B27: =result_20260622!O146+result_20260622!P146+result_20260622!Q146+result_20260622!R146 -> 20 | C27: =B27/$B$21 -> 0.13888889

Sheet intro_20260605
B3: Example
C4: A | D4: D | E4: G | G4: 1 | H4: 2 | I4: 3 | J4: 4 | K4: 5 | L4: 6 | M4: 7 | N4: 8
C6: B | D6: E | E6: H | G6: ð | H6: ï | I6: ñ | J6: ò | K6: ö | L6: ÷ | M6: õ | N6: ø
C8: C | D8: F | E8: I
B12: 05.06.2026 | C12: agv_table_center_link grasp_x_offset, _y_offset, _z_offset | D12: pcd_bound_x | E12: pcd_bound_y | F12: pcd_bound_z | G12: graspness_th | H12: grasp_height_th | I12: grasp_cog_max_dist_th | J12: grasp_cog_min_dist_th | K12: cog_axis_projection_th | L12: t0_to_tcp joint
B13: Baseline2 | C13: (-0.7, 0.0, 0.131) | D13: (-0.3,0.4) | E13: (-0.4,0.4) | F13: (-0.01,0.3) | G13: 0.2 | H13: 0.002 | I13: 0.035 | J13: 0.02 | K13: 0.5 | L13: xyz=(0,0,0.25)
C14: reset_pose.position.x | D14: reset_pose.position.y | E14: reset_pose.position.z | F14: reset_pose.orientation.x | G14: reset_pose.orientation.y | H14: reset_pose.orientation.z | I14: reset_pose.orientation.w
C15: 1.447416 | D15: 3.302368 | E15: 1.365898 | F15: -0.009596 | G15: 0.999594 | H15: 0.025939 | I15: -0.006796
D18: UR10e | G18: 1 | H18: 2 | I18: 3 | J18: 4 | K18: 5 | L18: 6 | M18: 7 | N18: 8
G19: =sum_orient_20260605!P2 -> 0.5 | H19: =sum_orient_20260605!P3 -> 0.11111111 | I19: =sum_orient_20260605!P4 -> 0 | J19: =sum_orient_20260605!P5 -> 0.88888889 | K19: =sum_orient_20260605!P6 -> 0.38888889 | L19: =sum_orient_20260605!P7 -> 0.38888889 | M19: =sum_orient_20260605!P8 -> 0.22222222 | N19: =sum_orient_20260605!P9 -> 0.72222222
C20: A | D20: D | E20: G | G20: ð | H20: ï | I20: ñ | J20: ò | K20: ö | L20: ÷ | M20: õ | N20: ø
C21: =sum_pos_20260605!P2 -> 0.45833333 | D21: =sum_pos_20260605!P5 -> 0.375 | E21: =sum_pos_20260605!P8 -> 0.33333333
C22: B | D22: E | E22: H
C23: =sum_pos_20260605!P3 -> #DIV/0! | D23: =sum_pos_20260605!P6 -> #DIV/0! | E23: =sum_pos_20260605!P9 -> #DIV/0!
C24: C | D24: F | E24: I
C25: =sum_pos_20260605!P4 -> 0.33333333 | D25: =sum_pos_20260605!P7 -> 0.5 | E25: =sum_pos_20260605!P10 -> 0.41666667

Sheet result_20260605
A1: Orientation | B1: Position | C1: Trial | D1: Name | E1: Success | F1: Success after intervention | G1: Success if further action were taken | H1: Failed | I1: Grasp too loose | J1: Object fell during turning around | K1: Gripper stuck in foam | L1: No poses generated | M1: No poses generated because of noise | N1: Possible collision between links | O1: Grasp in opposite direction | P1: Grasp point not good, potential failure | Q1: Object not face out after placement
A2: 1 | B2: A | C2: 1 | D2: =A2&"-"&B2&"-"&C2 -> 1-A-1 | H2: 1 | I2: 1
A3: 1 | B3: A | C3: 2 | D3: =A3&"-"&B3&"-"&C3 -> 1-A-2 | E3: 1
A4: 1 | B4: A | C4: 3 | D4: =A4&"-"&B4&"-"&C4 -> 1-A-3 | E4: 1
A5: 1 | B5: C | C5: 1 | D5: =A5&"-"&B5&"-"&C5 -> 1-C-1 | H5: 1 | I5: 1
A6: 1 | B6: C | C6: 2 | D6: =A6&"-"&B6&"-"&C6 -> 1-C-2 | H6: 1 | J6: 1
A7: 1 | B7: C | C7: 3 | D7: =A7&"-"&B7&"-"&C7 -> 1-C-3 | H7: 1 | J7: 1
A8: 1 | B8: D | C8: 1 | D8: =A8&"-"&B8&"-"&C8 -> 1-D-1 | E8: 1
A9: 1 | B9: D | C9: 2 | D9: =A9&"-"&B9&"-"&C9 -> 1-D-2 | E9: 1
A10: 1 | B10: D | C10: 3 | D10: =A10&"-"&B10&"-"&C10 -> 1-D-3 | E10: 1
A11: 1 | B11: F | C11: 1 | D11: =A11&"-"&B11&"-"&C11 -> 1-F-1 | H11: 1 | I11: 1
A12: 1 | B12: F | C12: 2 | D12: =A12&"-"&B12&"-"&C12 -> 1-F-2 | E12: 1
A13: 1 | B13: F | C13: 3 | D13: =A13&"-"&B13&"-"&C13 -> 1-F-3 | H13: 1 | I13: 1
A14: 1 | B14: G | C14: 1 | D14: =A14&"-"&B14&"-"&C14 -> 1-G-1 | F14: 1 | Q14: 1
A15: 1 | B15: G | C15: 2 | D15: =A15&"-"&B15&"-"&C15 -> 1-G-2 | H15: 1 | I15: 1
A16: 1 | B16: G | C16: 3 | D16: =A16&"-"&B16&"-"&C16 -> 1-G-3 | H16: 1 | I16: 1
A17: 1 | B17: I | C17: 1 | D17: =A17&"-"&B17&"-"&C17 -> 1-I-1 | E17: 1
A18: 1 | B18: I | C18: 2 | D18: =A18&"-"&B18&"-"&C18 -> 1-I-2 | E18: 1
A19: 1 | B19: I | C19: 3 | D19: =A19&"-"&B19&"-"&C19 -> 1-I-3 | H19: 1 | I19: 1
A20: 2 | B20: A | C20: 1 | D20: =A20&"-"&B20&"-"&C20 -> 2-A-1 | H20: 1 | I20: 1
A21: 2 | B21: A | C21: 2 | D21: =A21&"-"&B21&"-"&C21 -> 2-A-2 | H21: 1 | I21: 1
A22: 2 | B22: A | C22: 3 | D22: =A22&"-"&B22&"-"&C22 -> 2-A-3 | F22: 1 | P22: 1
A23: 2 | B23: C | C23: 1 | D23: =A23&"-"&B23&"-"&C23 -> 2-C-1 | H23: 1 | I23: 1
A24: 2 | B24: C | C24: 2 | D24: =A24&"-"&B24&"-"&C24 -> 2-C-2 | H24: 1 | I24: 1
A25: 2 | B25: C | C25: 3 | D25: =A25&"-"&B25&"-"&C25 -> 2-C-3 | H25: 1 | I25: 1
A26: 2 | B26: D | C26: 1 | D26: =A26&"-"&B26&"-"&C26 -> 2-D-1 | H26: 1 | I26: 1
A27: 2 | B27: D | C27: 2 | D27: =A27&"-"&B27&"-"&C27 -> 2-D-2 | H27: 1 | I27: 1
A28: 2 | B28: D | C28: 3 | D28: =A28&"-"&B28&"-"&C28 -> 2-D-3 | H28: 1 | I28: 1
A29: 2 | B29: F | C29: 1 | D29: =A29&"-"&B29&"-"&C29 -> 2-F-1 | F29: 1 | P29: 1
A30: 2 | B30: F | C30: 2 | D30: =A30&"-"&B30&"-"&C30 -> 2-F-2 | H30: 1 | I30: 1
A31: 2 | B31: F | C31: 3 | D31: =A31&"-"&B31&"-"&C31 -> 2-F-3 | H31: 1 | J31: 1
A32: 2 | B32: G | C32: 1 | D32: =A32&"-"&B32&"-"&C32 -> 2-G-1 | H32: 1 | I32: 1
A33: 2 | B33: G | C33: 2 | D33: =A33&"-"&B33&"-"&C33 -> 2-G-2 | H33: 1 | I33: 1
A34: 2 | B34: G | C34: 3 | D34: =A34&"-"&B34&"-"&C34 -> 2-G-3 | H34: 1 | I34: 1
A35: 2 | B35: I | C35: 1 | D35: =A35&"-"&B35&"-"&C35 -> 2-I-1 | H35: 1 | J35: 1
A36: 2 | B36: I | C36: 2 | D36: =A36&"-"&B36&"-"&C36 -> 2-I-2 | H36: 1 | J36: 1
A37: 2 | B37: I | C37: 3 | D37: =A37&"-"&B37&"-"&C37 -> 2-I-3 | H37: 1 | I37: 1
A38: 3 | B38: A | C38: 1 | D38: =A38&"-"&B38&"-"&C38 -> 3-A-1 | H38: 1 | N38: 1
A39: 3 | B39: A | C39: 2 | D39: =A39&"-"&B39&"-"&C39 -> 3-A-2 | H39: 1 | N39: 1
A40: 3 | B40: A | C40: 3 | D40: =A40&"-"&B40&"-"&C40 -> 3-A-3 | H40: 1 | I40: 1
A41: 3 | B41: C | C41: 1 | D41: =A41&"-"&B41&"-"&C41 -> 3-C-1 | H41: 1 | I41: 1
A42: 3 | B42: C | C42: 2 | D42: =A42&"-"&B42&"-"&C42 -> 3-C-2 | H42: 1 | I42: 1
A43: 3 | B43: C | C43: 3 | D43: =A43&"-"&B43&"-"&C43 -> 3-C-3 | H43: 1 | L43: 1
A44: 3 | B44: D | C44: 1 | D44: =A44&"-"&B44&"-"&C44 -> 3-D-1 | H44: 1 | N44: 1
A45: 3 | B45: D | C45: 2 | D45: =A45&"-"&B45&"-"&C45 -> 3-D-2 | H45: 1 | N45: 1
A46: 3 | B46: D | C46: 3 | D46: =A46&"-"&B46&"-"&C46 -> 3-D-3 | H46: 1 | N46: 1
A47: 3 | B47: F | C47: 1 | D47: =A47&"-"&B47&"-"&C47 -> 3-F-1 | H47: 1 | I47: 1
A48: 3 | B48: F | C48: 2 | D48: =A48&"-"&B48&"-"&C48 -> 3-F-2 | H48: 1 | N48: 1
A49: 3 | B49: F | C49: 3 | D49: =A49&"-"&B49&"-"&C49 -> 3-F-3 | H49: 1 | I49: 1
A50: 3 | B50: G | C50: 1 | D50: =A50&"-"&B50&"-"&C50 -> 3-G-1 | H50: 1 | N50: 1
A51: 3 | B51: G | C51: 2 | D51: =A51&"-"&B51&"-"&C51 -> 3-G-2 | H51: 1 | N51: 1
A52: 3 | B52: G | C52: 3 | D52: =A52&"-"&B52&"-"&C52 -> 3-G-3 | H52: 1 | N52: 1
A53: 3 | B53: I | C53: 1 | D53: =A53&"-"&B53&"-"&C53 -> 3-I-1 | H53: 1 | N53: 1
A54: 3 | B54: I | C54: 2 | D54: =A54&"-"&B54&"-"&C54 -> 3-I-2 | H54: 1 | N54: 1
A55: 3 | B55: I | C55: 3 | D55: =A55&"-"&B55&"-"&C55 -> 3-I-3 | H55: 1 | N55: 1
A56: 4 | B56: A | C56: 1 | D56: =A56&"-"&B56&"-"&C56 -> 4-A-1 | F56: 1 | P56: 1
A57: 4 | B57: A | C57: 2 | D57: =A57&"-"&B57&"-"&C57 -> 4-A-2 | F57: 1 | P57: 1
A58: 4 | B58: A | C58: 3 | D58: =A58&"-"&B58&"-"&C58 -> 4-A-3 | F58: 1 | P58: 1
A59: 4 | B59: C | C59: 1 | D59: =A59&"-"&B59&"-"&C59 -> 4-C-1 | F59: 1 | P59: 1
A60: 4 | B60: C | C60: 2 | D60: =A60&"-"&B60&"-"&C60 -> 4-C-2 | F60: 1 | P60: 1
A61: 4 | B61: C | C61: 3 | D61: =A61&"-"&B61&"-"&C61 -> 4-C-3 | E61: 1
A62: 4 | B62: D | C62: 1 | D62: =A62&"-"&B62&"-"&C62 -> 4-D-1 | F62: 1 | P62: 1
A63: 4 | B63: D | C63: 2 | D63: =A63&"-"&B63&"-"&C63 -> 4-D-2 | F63: 1 | P63: 1
A64: 4 | B64: D | C64: 3 | D64: =A64&"-"&B64&"-"&C64 -> 4-D-3 | F64: 1 | P64: 1
A65: 4 | B65: F | C65: 1 | D65: =A65&"-"&B65&"-"&C65 -> 4-F-1 | F65: 1 | Q65: 1
A66: 4 | B66: F | C66: 2 | D66: =A66&"-"&B66&"-"&C66 -> 4-F-2 | F66: 1 | P66: 1
A67: 4 | B67: F | C67: 3 | D67: =A67&"-"&B67&"-"&C67 -> 4-F-3 | F67: 1 | P67: 1
A68: 4 | B68: G | C68: 1 | D68: =A68&"-"&B68&"-"&C68 -> 4-G-1 | H68: 1 | K68: 1
A69: 4 | B69: G | C69: 2 | D69: =A69&"-"&B69&"-"&C69 -> 4-G-2 | F69: 1 | P69: 1
A70: 4 | B70: G | C70: 3 | D70: =A70&"-"&B70&"-"&C70 -> 4-G-3 | F70: 1 | P70: 1
A71: 4 | B71: I | C71: 1 | D71: =A71&"-"&B71&"-"&C71 -> 4-I-1 | F71: 1 | P71: 1
A72: 4 | B72: I | C72: 2 | D72: =A72&"-"&B72&"-"&C72 -> 4-I-2 | H72: 1 | K72: 1
A73: 4 | B73: I | C73: 3 | D73: =A73&"-"&B73&"-"&C73 -> 4-I-3 | F73: 1 | P73: 1
A74: 5 | B74: A | C74: 1 | D74: =A74&"-"&B74&"-"&C74 -> 5-A-1 | F74: 1 | P74: 1
A75: 5 | B75: A | C75: 2 | D75: =A75&"-"&B75&"-"&C75 -> 5-A-2 | H75: 1 | I75: 1
A76: 5 | B76: A | C76: 3 | D76: =A76&"-"&B76&"-"&C76 -> 5-A-3 | E76: 1
A77: 5 | B77: C | C77: 1 | D77: =A77&"-"&B77&"-"&C77 -> 5-C-1 | E77: 1
A78: 5 | B78: C | C78: 2 | D78: =A78&"-"&B78&"-"&C78 -> 5-C-2 | H78: 1 | I78: 1
A79: 5 | B79: C | C79: 3 | D79: =A79&"-"&B79&"-"&C79 -> 5-C-3 | H79: 1 | N79: 1
A80: 5 | B80: D | C80: 1 | D80: =A80&"-"&B80&"-"&C80 -> 5-D-1 | H80: 1 | I80: 1
A81: 5 | B81: D | C81: 2 | D81: =A81&"-"&B81&"-"&C81 -> 5-D-2 | E81: 1
A82: 5 | B82: D | C82: 3 | D82: =A82&"-"&B82&"-"&C82 -> 5-D-3 | H82: 1 | I82: 1
A83: 5 | B83: F | C83: 1 | D83: =A83&"-"&B83&"-"&C83 -> 5-F-1 | H83: 1 | I83: 1
A84: 5 | B84: F | C84: 2 | D84: =A84&"-"&B84&"-"&C84 -> 5-F-2 | E84: 1
A85: 5 | B85: F | C85: 3 | D85: =A85&"-"&B85&"-"&C85 -> 5-F-3 | E85: 1
A86: 5 | B86: G | C86: 1 | D86: =A86&"-"&B86&"-"&C86 -> 5-G-1 | H86: 1 | I86: 1
A87: 5 | B87: G | C87: 2 | D87: =A87&"-"&B87&"-"&C87 -> 5-G-2 | H87: 1 | I87: 1
A88: 5 | B88: G | C88: 3 | D88: =A88&"-"&B88&"-"&C88 -> 5-G-3 | H88: 1 | I88: 1
A89: 5 | B89: I | C89: 1 | D89: =A89&"-"&B89&"-"&C89 -> 5-I-1 | E89: 1
A90: 5 | B90: I | C90: 2 | D90: =A90&"-"&B90&"-"&C90 -> 5-I-2 | H90: 1 | I90: 1
A91: 5 | B91: I | C91: 3 | D91: =A91&"-"&B91&"-"&C91 -> 5-I-3 | H91: 1 | I91: 1
A92: 6 | B92: A | C92: 1 | D92: =A92&"-"&B92&"-"&C92 -> 6-A-1 | H92: 1 | I92: 1
A93: 6 | B93: A | C93: 2 | D93: =A93&"-"&B93&"-"&C93 -> 6-A-2 | F93: 1 | P93: 1
A94: 6 | B94: A | C94: 3 | D94: =A94&"-"&B94&"-"&C94 -> 6-A-3 | F94: 1 | P94: 1
A95: 6 | B95: C | C95: 1 | D95: =A95&"-"&B95&"-"&C95 -> 6-C-1 | F95: 1 | P95: 1
A96: 6 | B96: C | C96: 2 | D96: =A96&"-"&B96&"-"&C96 -> 6-C-2 | H96: 1 | I96: 1
A97: 6 | B97: C | C97: 3 | D97: =A97&"-"&B97&"-"&C97 -> 6-C-3 | H97: 1 | J97: 1
A98: 6 | B98: D | C98: 1 | D98: =A98&"-"&B98&"-"&C98 -> 6-D-1 | H98: 1 | I98: 1
A99: 6 | B99: D | C99: 2 | D99: =A99&"-"&B99&"-"&C99 -> 6-D-2 | H99: 1 | I99: 1
A100: 6 | B100: D | C100: 3 | D100: =A100&"-"&B100&"-"&C100 -> 6-D-3 | H100: 1 | I100: 1
...

Sheet sum_orient_20260605
A1: Orientation | B1: Success | C1: Success after intervention | D1: Success if further action were taken | E1: Failed | F1: Grasp point not good, potential failure | G1: No poses generated | H1: No poses generated because of noise | I1: Grasp too loose | J1: Gripper stuck in foam | K1: Grasp in opposite direction | L1: Possible collision between links | M1: Object fell during turning around | N1: Object not face out after placement | O1: Trials | P1: Success rate(S+PS)
A2: 1 | B2: =SUMIF(result_20260605!$A:$A,sum_orient_20260605!$A2,INDEX(result_20260605!$A:$Z,0,MATCH(sum_orient_20260605!B$1,result_20260605!$1:$1,0))) -> 8 | C2: =SUMIF(result_20260605!$A:$A,sum_orient_20260605!$A2,INDEX(result_20260605!$A:$Z,0,MATCH(sum_orient_20260605!C$1,result_20260605!$1:$1,0))) -> 1 | D2: =SUMIF(result_20260605!$A:$A,sum_orient_20260605!$A2,INDEX(result_20260605!$A:$Z,0,MATCH(sum_orient_20260605!D$1,result_20260605!$1:$1,0))) -> 0 | E2: =SUMIF(result_20260605!$A:$A,sum_orient_20260605!$A2,INDEX(result_20260605!$A:$Z,0,MATCH(sum_orient_20260605!E$1,result_20260605!$1:$1,0))) -> 9 | F2: =SUMIF(result_20260605!$A:$A,sum_orient_20260605!$A2,INDEX(result_20260605!$A:$Z,0,MATCH(sum_orient_20260605!F$1,result_20260605!$1:$1,0))) -> 0 | G2: =SUMIF(result_20260605!$A:$A,sum_orient_20260605!$A2,INDEX(result_20260605!$A:$Z,0,MATCH(sum_orient_20260605!G$1,result_20260605!$1:$1,0))) -> 0 | H2: =SUMIF(result_20260605!$A:$A,sum_orient_20260605!$A2,INDEX(result_20260605!$A:$Z,0,MATCH(sum_orient_20260605!H$1,result_20260605!$1:$1,0))) -> 0 | I2: =SUMIF(result_20260605!$A:$A,sum_orient_20260605!$A2,INDEX(result_20260605!$A:$Z,0,MATCH(sum_orient_20260605!I$1,result_20260605!$1:$1,0))) -> 7 | ... N2: =SUMIF(result_20260605!$A:$A,sum_orient_20260605!$A2,INDEX(result_20260605!$A:$Z,0,MATCH(sum_orient_20260605!N$1,result_20260605!$1:$1,0))) -> 1 | O2: =SUM(B2:E2) -> 18 | P2: =SUM(B2+C2)/O2 -> 0.5
A3: 2 | B3: =SUMIF(result_20260605!$A:$A,sum_orient_20260605!$A3,INDEX(result_20260605!$A:$Z,0,MATCH(sum_orient_20260605!B$1,result_20260605!$1:$1,0))) -> 0 | C3: =SUMIF(result_20260605!$A:$A,sum_orient_20260605!$A3,INDEX(result_20260605!$A:$Z,0,MATCH(sum_orient_20260605!C$1,result_20260605!$1:$1,0))) -> 2 | D3: =SUMIF(result_20260605!$A:$A,sum_orient_20260605!$A3,INDEX(result_20260605!$A:$Z,0,MATCH(sum_orient_20260605!D$1,result_20260605!$1:$1,0))) -> 0 | E3: =SUMIF(result_20260605!$A:$A,sum_orient_20260605!$A3,INDEX(result_20260605!$A:$Z,0,MATCH(sum_orient_20260605!E$1,result_20260605!$1:$1,0))) -> 16 | F3: =SUMIF(result_20260605!$A:$A,sum_orient_20260605!$A3,INDEX(result_20260605!$A:$Z,0,MATCH(sum_orient_20260605!F$1,result_20260605!$1:$1,0))) -> 2 | G3: =SUMIF(result_20260605!$A:$A,sum_orient_20260605!$A3,INDEX(result_20260605!$A:$Z,0,MATCH(sum_orient_20260605!G$1,result_20260605!$1:$1,0))) -> 0 | H3: =SUMIF(result_20260605!$A:$A,sum_orient_20260605!$A3,INDEX(result_20260605!$A:$Z,0,MATCH(sum_orient_20260605!H$1,result_20260605!$1:$1,0))) -> 0 | I3: =SUMIF(result_20260605!$A:$A,sum_orient_20260605!$A3,INDEX(result_20260605!$A:$Z,0,MATCH(sum_orient_20260605!I$1,result_20260605!$1:$1,0))) -> 13 | ... N3: =SUMIF(result_20260605!$A:$A,sum_orient_20260605!$A3,INDEX(result_20260605!$A:$Z,0,MATCH(sum_orient_20260605!N$1,result_20260605!$1:$1,0))) -> 0 | O3: =SUM(B3:E3) -> 18 | P3: =SUM(B3+C3)/O3 -> 0.11111111
A4: 3 | B4: =SUMIF(result_20260605!$A:$A,sum_orient_20260605!$A4,INDEX(result_20260605!$A:$Z,0,MATCH(sum_orient_20260605!B$1,result_20260605!$1:$1,0))) -> 0 | C4: =SUMIF(result_20260605!$A:$A,sum_orient_20260605!$A4,INDEX(result_20260605!$A:$Z,0,MATCH(sum_orient_20260605!C$1,result_20260605!$1:$1,0))) -> 0 | D4: =SUMIF(result_20260605!$A:$A,sum_orient_20260605!$A4,INDEX(result_20260605!$A:$Z,0,MATCH(sum_orient_20260605!D$1,result_20260605!$1:$1,0))) -> 0 | E4: =SUMIF(result_20260605!$A:$A,sum_orient_20260605!$A4,INDEX(result_20260605!$A:$Z,0,MATCH(sum_orient_20260605!E$1,result_20260605!$1:$1,0))) -> 18 | F4: =SUMIF(result_20260605!$A:$A,sum_orient_20260605!$A4,INDEX(result_20260605!$A:$Z,0,MATCH(sum_orient_20260605!F$1,result_20260605!$1:$1,0))) -> 0 | G4: =SUMIF(result_20260605!$A:$A,sum_orient_20260605!$A4,INDEX(result_20260605!$A:$Z,0,MATCH(sum_orient_20260605!G$1,result_20260605!$1:$1,0))) -> 1 | H4: =SUMIF(result_20260605!$A:$A,sum_orient_20260605!$A4,INDEX(result_20260605!$A:$Z,0,MATCH(sum_orient_20260605!H$1,result_20260605!$1:$1,0))) -> 0 | I4: =SUMIF(result_20260605!$A:$A,sum_orient_20260605!$A4,INDEX(result_20260605!$A:$Z,0,MATCH(sum_orient_20260605!I$1,result_20260605!$1:$1,0))) -> 5 | ... N4: =SUMIF(result_20260605!$A:$A,sum_orient_20260605!$A4,INDEX(result_20260605!$A:$Z,0,MATCH(sum_orient_20260605!N$1,result_20260605!$1:$1,0))) -> 0 | O4: =SUM(B4:E4) -> 18 | P4: =SUM(B4+C4)/O4 -> 0
A5: 4 | B5: =SUMIF(result_20260605!$A:$A,sum_orient_20260605!$A5,INDEX(result_20260605!$A:$Z,0,MATCH(sum_orient_20260605!B$1,result_20260605!$1:$1,0))) -> 1 | C5: =SUMIF(result_20260605!$A:$A,sum_orient_20260605!$A5,INDEX(result_20260605!$A:$Z,0,MATCH(sum_orient_20260605!C$1,result_20260605!$1:$1,0))) -> 15 | D5: =SUMIF(result_20260605!$A:$A,sum_orient_20260605!$A5,INDEX(result_20260605!$A:$Z,0,MATCH(sum_orient_20260605!D$1,result_20260605!$1:$1,0))) -> 0 | E5: =SUMIF(result_20260605!$A:$A,sum_orient_20260605!$A5,INDEX(result_20260605!$A:$Z,0,MATCH(sum_orient_20260605!E$1,result_20260605!$1:$1,0))) -> 2 | F5: =SUMIF(result_20260605!$A:$A,sum_orient_20260605!$A5,INDEX(result_20260605!$A:$Z,0,MATCH(sum_orient_20260605!F$1,result_20260605!$1:$1,0))) -> 14 | G5: =SUMIF(result_20260605!$A:$A,sum_orient_20260605!$A5,INDEX(result_20260605!$A:$Z,0,MATCH(sum_orient_20260605!G$1,result_20260605!$1:$1,0))) -> 0 | H5: =SUMIF(result_20260605!$A:$A,sum_orient_20260605!$A5,INDEX(result_20260605!$A:$Z,0,MATCH(sum_orient_20260605!H$1,result_20260605!$1:$1,0))) -> 0 | I5: =SUMIF(result_20260605!$A:$A,sum_orient_20260605!$A5,INDEX(result_20260605!$A:$Z,0,MATCH(sum_orient_20260605!I$1,result_20260605!$1:$1,0))) -> 0 | ... N5: =SUMIF(result_20260605!$A:$A,sum_orient_20260605!$A5,INDEX(result_20260605!$A:$Z,0,MATCH(sum_orient_20260605!N$1,result_20260605!$1:$1,0))) -> 1 | O5: =SUM(B5:E5) -> 18 | P5: =SUM(B5+C5)/O5 -> 0.88888889
A6: 5 | B6: =SUMIF(result_20260605!$A:$A,sum_orient_20260605!$A6,INDEX(result_20260605!$A:$Z,0,MATCH(sum_orient_20260605!B$1,result_20260605!$1:$1,0))) -> 6 | C6: =SUMIF(result_20260605!$A:$A,sum_orient_20260605!$A6,INDEX(result_20260605!$A:$Z,0,MATCH(sum_orient_20260605!C$1,result_20260605!$1:$1,0))) -> 1 | D6: =SUMIF(result_20260605!$A:$A,sum_orient_20260605!$A6,INDEX(result_20260605!$A:$Z,0,MATCH(sum_orient_20260605!D$1,result_20260605!$1:$1,0))) -> 0 | E6: =SUMIF(result_20260605!$A:$A,sum_orient_20260605!$A6,INDEX(result_20260605!$A:$Z,0,MATCH(sum_orient_20260605!E$1,result_20260605!$1:$1,0))) -> 11 | F6: =SUMIF(result_20260605!$A:$A,sum_orient_20260605!$A6,INDEX(result_20260605!$A:$Z,0,MATCH(sum_orient_20260605!F$1,result_20260605!$1:$1,0))) -> 1 | G6: =SUMIF(result_20260605!$A:$A,sum_orient_20260605!$A6,INDEX(result_20260605!$A:$Z,0,MATCH(sum_orient_20260605!G$1,result_20260605!$1:$1,0))) -> 0 | H6: =SUMIF(result_20260605!$A:$A,sum_orient_20260605!$A6,INDEX(result_20260605!$A:$Z,0,MATCH(sum_orient_20260605!H$1,result_20260605!$1:$1,0))) -> 0 | I6: =SUMIF(result_20260605!$A:$A,sum_orient_20260605!$A6,INDEX(result_20260605!$A:$Z,0,MATCH(sum_orient_20260605!I$1,result_20260605!$1:$1,0))) -> 10 | ... N6: =SUMIF(result_20260605!$A:$A,sum_orient_20260605!$A6,INDEX(result_20260605!$A:$Z,0,MATCH(sum_orient_20260605!N$1,result_20260605!$1:$1,0))) -> 0 | O6: =SUM(B6:E6) -> 18 | P6: =SUM(B6+C6)/O6 -> 0.38888889
A7: 6 | B7: =SUMIF(result_20260605!$A:$A,sum_orient_20260605!$A7,INDEX(result_20260605!$A:$Z,0,MATCH(sum_orient_20260605!B$1,result_20260605!$1:$1,0))) -> 0 | C7: =SUMIF(result_20260605!$A:$A,sum_orient_20260605!$A7,INDEX(result_20260605!$A:$Z,0,MATCH(sum_orient_20260605!C$1,result_20260605!$1:$1,0))) -> 7 | D7: =SUMIF(result_20260605!$A:$A,sum_orient_20260605!$A7,INDEX(result_20260605!$A:$Z,0,MATCH(sum_orient_20260605!D$1,result_20260605!$1:$1,0))) -> 0 | E7: =SUMIF(result_20260605!$A:$A,sum_orient_20260605!$A7,INDEX(result_20260605!$A:$Z,0,MATCH(sum_orient_20260605!E$1,result_20260605!$1:$1,0))) -> 11 | F7: =SUMIF(result_20260605!$A:$A,sum_orient_20260605!$A7,INDEX(result_20260605!$A:$Z,0,MATCH(sum_orient_20260605!F$1,result_20260605!$1:$1,0))) -> 7 | G7: =SUMIF(result_20260605!$A:$A,sum_orient_20260605!$A7,INDEX(result_20260605!$A:$Z,0,MATCH(sum_orient_20260605!G$1,result_20260605!$1:$1,0))) -> 0 | H7: =SUMIF(result_20260605!$A:$A,sum_orient_20260605!$A7,INDEX(result_20260605!$A:$Z,0,MATCH(sum_orient_20260605!H$1,result_20260605!$1:$1,0))) -> 0 | I7: =SUMIF(result_20260605!$A:$A,sum_orient_20260605!$A7,INDEX(result_20260605!$A:$Z,0,MATCH(sum_orient_20260605!I$1,result_20260605!$1:$1,0))) -> 10 | ... N7: =SUMIF(result_20260605!$A:$A,sum_orient_20260605!$A7,INDEX(result_20260605!$A:$Z,0,MATCH(sum_orient_20260605!N$1,result_20260605!$1:$1,0))) -> 0 | O7: =SUM(B7:E7) -> 18 | P7: =SUM(B7+C7)/O7 -> 0.38888889
A8: 7 | B8: =SUMIF(result_20260605!$A:$A,sum_orient_20260605!$A8,INDEX(result_20260605!$A:$Z,0,MATCH(sum_orient_20260605!B$1,result_20260605!$1:$1,0))) -> 0 | C8: =SUMIF(result_20260605!$A:$A,sum_orient_20260605!$A8,INDEX(result_20260605!$A:$Z,0,MATCH(sum_orient_20260605!C$1,result_20260605!$1:$1,0))) -> 4 | D8: =SUMIF(result_20260605!$A:$A,sum_orient_20260605!$A8,INDEX(result_20260605!$A:$Z,0,MATCH(sum_orient_20260605!D$1,result_20260605!$1:$1,0))) -> 0 | E8: =SUMIF(result_20260605!$A:$A,sum_orient_20260605!$A8,INDEX(result_20260605!$A:$Z,0,MATCH(sum_orient_20260605!E$1,result_20260605!$1:$1,0))) -> 14 | F8: =SUMIF(result_20260605!$A:$A,sum_orient_20260605!$A8,INDEX(result_20260605!$A:$Z,0,MATCH(sum_orient_20260605!F$1,result_20260605!$1:$1,0))) -> 4 | G8: =SUMIF(result_20260605!$A:$A,sum_orient_20260605!$A8,INDEX(result_20260605!$A:$Z,0,MATCH(sum_orient_20260605!G$1,result_20260605!$1:$1,0))) -> 0 | H8: =SUMIF(result_20260605!$A:$A,sum_orient_20260605!$A8,INDEX(result_20260605!$A:$Z,0,MATCH(sum_orient_20260605!H$1,result_20260605!$1:$1,0))) -> 0 | I8: =SUMIF(result_20260605!$A:$A,sum_orient_20260605!$A8,INDEX(result_20260605!$A:$Z,0,MATCH(sum_orient_20260605!I$1,result_20260605!$1:$1,0))) -> 10 | ... N8: =SUMIF(result_20260605!$A:$A,sum_orient_20260605!$A8,INDEX(result_20260605!$A:$Z,0,MATCH(sum_orient_20260605!N$1,result_20260605!$1:$1,0))) -> 0 | O8: =SUM(B8:E8) -> 18 | P8: =SUM(B8+C8)/O8 -> 0.22222222
A9: 8 | B9: =SUMIF(result_20260605!$A:$A,sum_orient_20260605!$A9,INDEX(result_20260605!$A:$Z,0,MATCH(sum_orient_20260605!B$1,result_20260605!$1:$1,0))) -> 3 | C9: =SUMIF(result_20260605!$A:$A,sum_orient_20260605!$A9,INDEX(result_20260605!$A:$Z,0,MATCH(sum_orient_20260605!C$1,result_20260605!$1:$1,0))) -> 10 | D9: =SUMIF(result_20260605!$A:$A,sum_orient_20260605!$A9,INDEX(result_20260605!$A:$Z,0,MATCH(sum_orient_20260605!D$1,result_20260605!$1:$1,0))) -> 0 | E9: =SUMIF(result_20260605!$A:$A,sum_orient_20260605!$A9,INDEX(result_20260605!$A:$Z,0,MATCH(sum_orient_20260605!E$1,result_20260605!$1:$1,0))) -> 5 | F9: =SUMIF(result_20260605!$A:$A,sum_orient_20260605!$A9,INDEX(result_20260605!$A:$Z,0,MATCH(sum_orient_20260605!F$1,result_20260605!$1:$1,0))) -> 6 | G9: =SUMIF(result_20260605!$A:$A,sum_orient_20260605!$A9,INDEX(result_20260605!$A:$Z,0,MATCH(sum_orient_20260605!G$1,result_20260605!$1:$1,0))) -> 0 | H9: =SUMIF(result_20260605!$A:$A,sum_orient_20260605!$A9,INDEX(result_20260605!$A:$Z,0,MATCH(sum_orient_20260605!H$1,result_20260605!$1:$1,0))) -> 0 | I9: =SUMIF(result_20260605!$A:$A,sum_orient_20260605!$A9,INDEX(result_20260605!$A:$Z,0,MATCH(sum_orient_20260605!I$1,result_20260605!$1:$1,0))) -> 4 | ... N9: =SUMIF(result_20260605!$A:$A,sum_orient_20260605!$A9,INDEX(result_20260605!$A:$Z,0,MATCH(sum_orient_20260605!N$1,result_20260605!$1:$1,0))) -> 4 | O9: =SUM(B9:E9) -> 18 | P9: =SUM(B9+C9)/O9 -> 0.72222222
A10: SUM | B10: =SUM(B2:B9) -> 18 | C10: =SUM(C2:C9) -> 40 | D10: =SUM(D2:D9) -> 0 | E10: =SUM(E2:E9) -> 86 | F10: =SUM(F2:F9) -> 34 | G10: =SUM(G2:G9) -> 1 | H10: =SUM(H2:H9) -> 0 | I10: =SUM(I2:I9) -> 59 | ... O10: =SUM(O2:O9) -> 144 | P10: =SUM(B10+C10)/O10 -> 0.40277778
A12: Excluding Orient. 3,5,7
A13: Orientation | B13: Success | C13: Success after intervention | D13: Success if further action were taken | E13: Failed | F13: Grasp point not good, potential failure | G13: No poses generated | H13: No poses generated because of noise | I13: Grasp too loose | J13: Gripper stuck in foam | K13: Grasp in opposite direction | L13: Possible collision between links | M13: Object fell during turning around | N13: Placement not good | O13: Trials | P13: Success rate(S+PS)
A14: 1 | B14: =SUMIF(result_20260605!$A:$A,sum_orient_20260605!$A14,INDEX(result_20260605!$A:$Z,0,MATCH(sum_orient_20260605!B$1,result_20260605!$1:$1,0))) -> 8 | C14: =SUMIF(result_20260605!$A:$A,sum_orient_20260605!$A14,INDEX(result_20260605!$A:$Z,0,MATCH(sum_orient_20260605!C$1,result_20260605!$1:$1,0))) -> 1 | D14: =SUMIF(result_20260605!$A:$A,sum_orient_20260605!$A14,INDEX(result_20260605!$A:$Z,0,MATCH(sum_orient_20260605!D$1,result_20260605!$1:$1,0))) -> 0 | E14: =SUMIF(result_20260605!$A:$A,sum_orient_20260605!$A14,INDEX(result_20260605!$A:$Z,0,MATCH(sum_orient_20260605!E$1,result_20260605!$1:$1,0))) -> 9 | F14: =SUMIF(result_20260605!$A:$A,sum_orient_20260605!$A14,INDEX(result_20260605!$A:$Z,0,MATCH(sum_orient_20260605!F$1,result_20260605!$1:$1,0))) -> 0 | G14: =SUMIF(result_20260605!$A:$A,sum_orient_20260605!$A14,INDEX(result_20260605!$A:$Z,0,MATCH(sum_orient_20260605!G$1,result_20260605!$1:$1,0))) -> 0 | H14: =SUMIF(result_20260605!$A:$A,sum_orient_20260605!$A14,INDEX(result_20260605!$A:$Z,0,MATCH(sum_orient_20260605!H$1,result_20260605!$1:$1,0))) -> 0 | I14: =SUMIF(result_20260605!$A:$A,sum_orient_20260605!$A14,INDEX(result_20260605!$A:$Z,0,MATCH(sum_orient_20260605!I$1,result_20260605!$1:$1,0))) -> 7 | ... N14: =SUMIF(result_20260605!$A:$A,sum_orient_20260605!$A14,INDEX(result_20260605!$A:$Z,0,MATCH(sum_orient_20260605!N$1,result_20260605!$1:$1,0))) -> 1 | O14: =SUM(B14:E14) -> 18 | P14: =SUM(B14+C14)/O14 -> 0.5
A15: 2 | B15: =SUMIF(result_20260605!$A:$A,sum_orient_20260605!$A15,INDEX(result_20260605!$A:$Z,0,MATCH(sum_orient_20260605!B$1,result_20260605!$1:$1,0))) -> 0 | C15: =SUMIF(result_20260605!$A:$A,sum_orient_20260605!$A15,INDEX(result_20260605!$A:$Z,0,MATCH(sum_orient_20260605!C$1,result_20260605!$1:$1,0))) -> 2 | D15: =SUMIF(result_20260605!$A:$A,sum_orient_20260605!$A15,INDEX(result_20260605!$A:$Z,0,MATCH(sum_orient_20260605!D$1,result_20260605!$1:$1,0))) -> 0 | E15: =SUMIF(result_20260605!$A:$A,sum_orient_20260605!$A15,INDEX(result_20260605!$A:$Z,0,MATCH(sum_orient_20260605!E$1,result_20260605!$1:$1,0))) -> 16 | F15: =SUMIF(result_20260605!$A:$A,sum_orient_20260605!$A15,INDEX(result_20260605!$A:$Z,0,MATCH(sum_orient_20260605!F$1,result_20260605!$1:$1,0))) -> 2 | G15: =SUMIF(result_20260605!$A:$A,sum_orient_20260605!$A15,INDEX(result_20260605!$A:$Z,0,MATCH(sum_orient_20260605!G$1,result_20260605!$1:$1,0))) -> 0 | H15: =SUMIF(result_20260605!$A:$A,sum_orient_20260605!$A15,INDEX(result_20260605!$A:$Z,0,MATCH(sum_orient_20260605!H$1,result_20260605!$1:$1,0))) -> 0 | I15: =SUMIF(result_20260605!$A:$A,sum_orient_20260605!$A15,INDEX(result_20260605!$A:$Z,0,MATCH(sum_orient_20260605!I$1,result_20260605!$1:$1,0))) -> 13 | ... N15: =SUMIF(result_20260605!$A:$A,sum_orient_20260605!$A15,INDEX(result_20260605!$A:$Z,0,MATCH(sum_orient_20260605!N$1,result_20260605!$1:$1,0))) -> 0 | O15: =SUM(B15:E15) -> 18 | P15: =SUM(B15+C15)/O15 -> 0.11111111
A16: 4 | B16: =SUMIF(result_20260605!$A:$A,sum_orient_20260605!$A16,INDEX(result_20260605!$A:$Z,0,MATCH(sum_orient_20260605!B$1,result_20260605!$1:$1,0))) -> 1 | C16: =SUMIF(result_20260605!$A:$A,sum_orient_20260605!$A16,INDEX(result_20260605!$A:$Z,0,MATCH(sum_orient_20260605!C$1,result_20260605!$1:$1,0))) -> 15 | D16: =SUMIF(result_20260605!$A:$A,sum_orient_20260605!$A16,INDEX(result_20260605!$A:$Z,0,MATCH(sum_orient_20260605!D$1,result_20260605!$1:$1,0))) -> 0 | E16: =SUMIF(result_20260605!$A:$A,sum_orient_20260605!$A16,INDEX(result_20260605!$A:$Z,0,MATCH(sum_orient_20260605!E$1,result_20260605!$1:$1,0))) -> 2 | F16: =SUMIF(result_20260605!$A:$A,sum_orient_20260605!$A16,INDEX(result_20260605!$A:$Z,0,MATCH(sum_orient_20260605!F$1,result_20260605!$1:$1,0))) -> 14 | G16: =SUMIF(result_20260605!$A:$A,sum_orient_20260605!$A16,INDEX(result_20260605!$A:$Z,0,MATCH(sum_orient_20260605!G$1,result_20260605!$1:$1,0))) -> 0 | H16: =SUMIF(result_20260605!$A:$A,sum_orient_20260605!$A16,INDEX(result_20260605!$A:$Z,0,MATCH(sum_orient_20260605!H$1,result_20260605!$1:$1,0))) -> 0 | I16: =SUMIF(result_20260605!$A:$A,sum_orient_20260605!$A16,INDEX(result_20260605!$A:$Z,0,MATCH(sum_orient_20260605!I$1,result_20260605!$1:$1,0))) -> 0 | ... N16: =SUMIF(result_20260605!$A:$A,sum_orient_20260605!$A16,INDEX(result_20260605!$A:$Z,0,MATCH(sum_orient_20260605!N$1,result_20260605!$1:$1,0))) -> 1 | O16: =SUM(B16:E16) -> 18 | P16: =SUM(B16+C16)/O16 -> 0.88888889
A17: 6 | B17: =SUMIF(result_20260605!$A:$A,sum_orient_20260605!$A17,INDEX(result_20260605!$A:$Z,0,MATCH(sum_orient_20260605!B$1,result_20260605!$1:$1,0))) -> 0 | C17: =SUMIF(result_20260605!$A:$A,sum_orient_20260605!$A17,INDEX(result_20260605!$A:$Z,0,MATCH(sum_orient_20260605!C$1,result_20260605!$1:$1,0))) -> 7 | D17: =SUMIF(result_20260605!$A:$A,sum_orient_20260605!$A17,INDEX(result_20260605!$A:$Z,0,MATCH(sum_orient_20260605!D$1,result_20260605!$1:$1,0))) -> 0 | E17: =SUMIF(result_20260605!$A:$A,sum_orient_20260605!$A17,INDEX(result_20260605!$A:$Z,0,MATCH(sum_orient_20260605!E$1,result_20260605!$1:$1,0))) -> 11 | F17: =SUMIF(result_20260605!$A:$A,sum_orient_20260605!$A17,INDEX(result_20260605!$A:$Z,0,MATCH(sum_orient_20260605!F$1,result_20260605!$1:$1,0))) -> 7 | G17: =SUMIF(result_20260605!$A:$A,sum_orient_20260605!$A17,INDEX(result_20260605!$A:$Z,0,MATCH(sum_orient_20260605!G$1,result_20260605!$1:$1,0))) -> 0 | H17: =SUMIF(result_20260605!$A:$A,sum_orient_20260605!$A17,INDEX(result_20260605!$A:$Z,0,MATCH(sum_orient_20260605!H$1,result_20260605!$1:$1,0))) -> 0 | I17: =SUMIF(result_20260605!$A:$A,sum_orient_20260605!$A17,INDEX(result_20260605!$A:$Z,0,MATCH(sum_orient_20260605!I$1,result_20260605!$1:$1,0))) -> 10 | ... N17: =SUMIF(result_20260605!$A:$A,sum_orient_20260605!$A17,INDEX(result_20260605!$A:$Z,0,MATCH(sum_orient_20260605!N$1,result_20260605!$1:$1,0))) -> 0 | O17: =SUM(B17:E17) -> 18 | P17: =SUM(B17+C17)/O17 -> 0.38888889
A18: 8 | B18: =SUMIF(result_20260605!$A:$A,sum_orient_20260605!$A18,INDEX(result_20260605!$A:$Z,0,MATCH(sum_orient_20260605!B$1,result_20260605!$1:$1,0))) -> 3 | C18: =SUMIF(result_20260605!$A:$A,sum_orient_20260605!$A18,INDEX(result_20260605!$A:$Z,0,MATCH(sum_orient_20260605!C$1,result_20260605!$1:$1,0))) -> 10 | D18: =SUMIF(result_20260605!$A:$A,sum_orient_20260605!$A18,INDEX(result_20260605!$A:$Z,0,MATCH(sum_orient_20260605!D$1,result_20260605!$1:$1,0))) -> 0 | E18: =SUMIF(result_20260605!$A:$A,sum_orient_20260605!$A18,INDEX(result_20260605!$A:$Z,0,MATCH(sum_orient_20260605!E$1,result_20260605!$1:$1,0))) -> 5 | F18: =SUMIF(result_20260605!$A:$A,sum_orient_20260605!$A18,INDEX(result_20260605!$A:$Z,0,MATCH(sum_orient_20260605!F$1,result_20260605!$1:$1,0))) -> 6 | G18: =SUMIF(result_20260605!$A:$A,sum_orient_20260605!$A18,INDEX(result_20260605!$A:$Z,0,MATCH(sum_orient_20260605!G$1,result_20260605!$1:$1,0))) -> 0 | H18: =SUMIF(result_20260605!$A:$A,sum_orient_20260605!$A18,INDEX(result_20260605!$A:$Z,0,MATCH(sum_orient_20260605!H$1,result_20260605!$1:$1,0))) -> 0 | I18: =SUMIF(result_20260605!$A:$A,sum_orient_20260605!$A18,INDEX(result_20260605!$A:$Z,0,MATCH(sum_orient_20260605!I$1,result_20260605!$1:$1,0))) -> 4 | ... N18: =SUMIF(result_20260605!$A:$A,sum_orient_20260605!$A18,INDEX(result_20260605!$A:$Z,0,MATCH(sum_orient_20260605!N$1,result_20260605!$1:$1,0))) -> 4 | O18: =SUM(B18:E18) -> 18 | P18: =SUM(B18+C18)/O18 -> 0.72222222
A19: SUM | B19: =SUM(B14:B18) -> 12 | C19: =SUM(C14:C18) -> 35 | D19: =SUM(D14:D18) -> 0 | E19: =SUM(E14:E18) -> 43 | F19: =SUM(F14:F18) -> 29 | G19: =SUM(G14:G18) -> 0 | H19: =SUM(H14:H18) -> 0 | I19: =SUM(I14:I18) -> 34 | ... O19: =SUM(O14:O18) -> 90 | P19: =SUM(B19+C19)/O19 -> 0.52222222

Sheet sum_pos_20260605
A1: Position | B1: Success | C1: Success after intervention | D1: Success if further action were taken | E1: Failed | F1: Grasp point not good, potential failure | G1: No poses generated | H1: No poses generated because of noise | I1: Grasp too loose | J1: Gripper stuck in foam | K1: Grasp in opposite direction | L1: Possible collision between links | M1: Object fell during turning around | N1: Object not face out after placement | O1: Trials | P1: Success rate(S+PS)
A2: A | B2: =SUMIF(result_20260605!$B:$B,sum_pos_20260605!$A2,INDEX(result_20260605!$A:$Z,0,MATCH(sum_pos_20260605!B$1,result_20260605!$1:$1,0))) -> 3 | C2: =SUMIF(result_20260605!$B:$B,sum_pos_20260605!$A2,INDEX(result_20260605!$A:$Z,0,MATCH(sum_pos_20260605!C$1,result_20260605!$1:$1,0))) -> 8 | D2: =SUMIF(result_20260605!$B:$B,sum_pos_20260605!$A2,INDEX(result_20260605!$A:$Z,0,MATCH(sum_pos_20260605!D$1,result_20260605!$1:$1,0))) -> 0 | E2: =SUMIF(result_20260605!$B:$B,sum_pos_20260605!$A2,INDEX(result_20260605!$A:$Z,0,MATCH(sum_pos_20260605!E$1,result_20260605!$1:$1,0))) -> 13 | F2: =SUMIF(result_20260605!$B:$B,sum_pos_20260605!$A2,INDEX(result_20260605!$A:$Z,0,MATCH(sum_pos_20260605!F$1,result_20260605!$1:$1,0))) -> 8 | G2: =SUMIF(result_20260605!$B:$B,sum_pos_20260605!$A2,INDEX(result_20260605!$A:$Z,0,MATCH(sum_pos_20260605!G$1,result_20260605!$1:$1,0))) -> 0 | H2: =SUMIF(result_20260605!$B:$B,sum_pos_20260605!$A2,INDEX(result_20260605!$A:$Z,0,MATCH(sum_pos_20260605!H$1,result_20260605!$1:$1,0))) -> 0 | I2: =SUMIF(result_20260605!$B:$B,sum_pos_20260605!$A2,INDEX(result_20260605!$A:$Z,0,MATCH(sum_pos_20260605!I$1,result_20260605!$1:$1,0))) -> 10 | ... N2: =SUMIF(result_20260605!$B:$B,sum_pos_20260605!$A2,INDEX(result_20260605!$A:$Z,0,MATCH(sum_pos_20260605!N$1,result_20260605!$1:$1,0))) -> 0 | O2: =SUM(B2:E2) -> 24 | P2: =SUM(B2:C2)/O2 -> 0.45833333
A3: B | B3: =SUMIF(result_20260605!$B:$B,sum_pos_20260605!$A3,INDEX(result_20260605!$A:$Z,0,MATCH(sum_pos_20260605!B$1,result_20260605!$1:$1,0))) -> 0 | C3: =SUMIF(result_20260605!$B:$B,sum_pos_20260605!$A3,INDEX(result_20260605!$A:$Z,0,MATCH(sum_pos_20260605!C$1,result_20260605!$1:$1,0))) -> 0 | D3: =SUMIF(result_20260605!$B:$B,sum_pos_20260605!$A3,INDEX(result_20260605!$A:$Z,0,MATCH(sum_pos_20260605!D$1,result_20260605!$1:$1,0))) -> 0 | E3: =SUMIF(result_20260605!$B:$B,sum_pos_20260605!$A3,INDEX(result_20260605!$A:$Z,0,MATCH(sum_pos_20260605!E$1,result_20260605!$1:$1,0))) -> 0 | F3: =SUMIF(result_20260605!$B:$B,sum_pos_20260605!$A3,INDEX(result_20260605!$A:$Z,0,MATCH(sum_pos_20260605!F$1,result_20260605!$1:$1,0))) -> 0 | G3: =SUMIF(result_20260605!$B:$B,sum_pos_20260605!$A3,INDEX(result_20260605!$A:$Z,0,MATCH(sum_pos_20260605!G$1,result_20260605!$1:$1,0))) -> 0 | H3: =SUMIF(result_20260605!$B:$B,sum_pos_20260605!$A3,INDEX(result_20260605!$A:$Z,0,MATCH(sum_pos_20260605!H$1,result_20260605!$1:$1,0))) -> 0 | I3: =SUMIF(result_20260605!$B:$B,sum_pos_20260605!$A3,INDEX(result_20260605!$A:$Z,0,MATCH(sum_pos_20260605!I$1,result_20260605!$1:$1,0))) -> 0 | ... N3: =SUMIF(result_20260605!$B:$B,sum_pos_20260605!$A3,INDEX(result_20260605!$A:$Z,0,MATCH(sum_pos_20260605!N$1,result_20260605!$1:$1,0))) -> 0 | O3: =SUM(B3:E3) -> 0 | P3: =SUM(B3:C3)/O3 -> #DIV/0!
A4: C | B4: =SUMIF(result_20260605!$B:$B,sum_pos_20260605!$A4,INDEX(result_20260605!$A:$Z,0,MATCH(sum_pos_20260605!B$1,result_20260605!$1:$1,0))) -> 3 | C4: =SUMIF(result_20260605!$B:$B,sum_pos_20260605!$A4,INDEX(result_20260605!$A:$Z,0,MATCH(sum_pos_20260605!C$1,result_20260605!$1:$1,0))) -> 5 | D4: =SUMIF(result_20260605!$B:$B,sum_pos_20260605!$A4,INDEX(result_20260605!$A:$Z,0,MATCH(sum_pos_20260605!D$1,result_20260605!$1:$1,0))) -> 0 | E4: =SUMIF(result_20260605!$B:$B,sum_pos_20260605!$A4,INDEX(result_20260605!$A:$Z,0,MATCH(sum_pos_20260605!E$1,result_20260605!$1:$1,0))) -> 16 | F4: =SUMIF(result_20260605!$B:$B,sum_pos_20260605!$A4,INDEX(result_20260605!$A:$Z,0,MATCH(sum_pos_20260605!F$1,result_20260605!$1:$1,0))) -> 5 | G4: =SUMIF(result_20260605!$B:$B,sum_pos_20260605!$A4,INDEX(result_20260605!$A:$Z,0,MATCH(sum_pos_20260605!G$1,result_20260605!$1:$1,0))) -> 1 | H4: =SUMIF(result_20260605!$B:$B,sum_pos_20260605!$A4,INDEX(result_20260605!$A:$Z,0,MATCH(sum_pos_20260605!H$1,result_20260605!$1:$1,0))) -> 0 | I4: =SUMIF(result_20260605!$B:$B,sum_pos_20260605!$A4,INDEX(result_20260605!$A:$Z,0,MATCH(sum_pos_20260605!I$1,result_20260605!$1:$1,0))) -> 10 | ... N4: =SUMIF(result_20260605!$B:$B,sum_pos_20260605!$A4,INDEX(result_20260605!$A:$Z,0,MATCH(sum_pos_20260605!N$1,result_20260605!$1:$1,0))) -> 0 | O4: =SUM(B4:E4) -> 24 | P4: =SUM(B4:C4)/O4 -> 0.33333333
A5: D | B5: =SUMIF(result_20260605!$B:$B,sum_pos_20260605!$A5,INDEX(result_20260605!$A:$Z,0,MATCH(sum_pos_20260605!B$1,result_20260605!$1:$1,0))) -> 4 | C5: =SUMIF(result_20260605!$B:$B,sum_pos_20260605!$A5,INDEX(result_20260605!$A:$Z,0,MATCH(sum_pos_20260605!C$1,result_20260605!$1:$1,0))) -> 5 | D5: =SUMIF(result_20260605!$B:$B,sum_pos_20260605!$A5,INDEX(result_20260605!$A:$Z,0,MATCH(sum_pos_20260605!D$1,result_20260605!$1:$1,0))) -> 0 | E5: =SUMIF(result_20260605!$B:$B,sum_pos_20260605!$A5,INDEX(result_20260605!$A:$Z,0,MATCH(sum_pos_20260605!E$1,result_20260605!$1:$1,0))) -> 15 | F5: =SUMIF(result_20260605!$B:$B,sum_pos_20260605!$A5,INDEX(result_20260605!$A:$Z,0,MATCH(sum_pos_20260605!F$1,result_20260605!$1:$1,0))) -> 5 | G5: =SUMIF(result_20260605!$B:$B,sum_pos_20260605!$A5,INDEX(result_20260605!$A:$Z,0,MATCH(sum_pos_20260605!G$1,result_20260605!$1:$1,0))) -> 0 | H5: =SUMIF(result_20260605!$B:$B,sum_pos_20260605!$A5,INDEX(result_20260605!$A:$Z,0,MATCH(sum_pos_20260605!H$1,result_20260605!$1:$1,0))) -> 0 | I5: =SUMIF(result_20260605!$B:$B,sum_pos_20260605!$A5,INDEX(result_20260605!$A:$Z,0,MATCH(sum_pos_20260605!I$1,result_20260605!$1:$1,0))) -> 11 | ... N5: =SUMIF(result_20260605!$B:$B,sum_pos_20260605!$A5,INDEX(result_20260605!$A:$Z,0,MATCH(sum_pos_20260605!N$1,result_20260605!$1:$1,0))) -> 0 | O5: =SUM(B5:E5) -> 24 | P5: =SUM(B5:C5)/O5 -> 0.375
A6: E | B6: =SUMIF(result_20260605!$B:$B,sum_pos_20260605!$A6,INDEX(result_20260605!$A:$Z,0,MATCH(sum_pos_20260605!B$1,result_20260605!$1:$1,0))) -> 0 | C6: =SUMIF(result_20260605!$B:$B,sum_pos_20260605!$A6,INDEX(result_20260605!$A:$Z,0,MATCH(sum_pos_20260605!C$1,result_20260605!$1:$1,0))) -> 0 | D6: =SUMIF(result_20260605!$B:$B,sum_pos_20260605!$A6,INDEX(result_20260605!$A:$Z,0,MATCH(sum_pos_20260605!D$1,result_20260605!$1:$1,0))) -> 0 | E6: =SUMIF(result_20260605!$B:$B,sum_pos_20260605!$A6,INDEX(result_20260605!$A:$Z,0,MATCH(sum_pos_20260605!E$1,result_20260605!$1:$1,0))) -> 0 | F6: =SUMIF(result_20260605!$B:$B,sum_pos_20260605!$A6,INDEX(result_20260605!$A:$Z,0,MATCH(sum_pos_20260605!F$1,result_20260605!$1:$1,0))) -> 0 | G6: =SUMIF(result_20260605!$B:$B,sum_pos_20260605!$A6,INDEX(result_20260605!$A:$Z,0,MATCH(sum_pos_20260605!G$1,result_20260605!$1:$1,0))) -> 0 | H6: =SUMIF(result_20260605!$B:$B,sum_pos_20260605!$A6,INDEX(result_20260605!$A:$Z,0,MATCH(sum_pos_20260605!H$1,result_20260605!$1:$1,0))) -> 0 | I6: =SUMIF(result_20260605!$B:$B,sum_pos_20260605!$A6,INDEX(result_20260605!$A:$Z,0,MATCH(sum_pos_20260605!I$1,result_20260605!$1:$1,0))) -> 0 | ... N6: =SUMIF(result_20260605!$B:$B,sum_pos_20260605!$A6,INDEX(result_20260605!$A:$Z,0,MATCH(sum_pos_20260605!N$1,result_20260605!$1:$1,0))) -> 0 | O6: =SUM(B6:E6) -> 0 | P6: =SUM(B6:C6)/O6 -> #DIV/0!
A7: F | B7: =SUMIF(result_20260605!$B:$B,sum_pos_20260605!$A7,INDEX(result_20260605!$A:$Z,0,MATCH(sum_pos_20260605!B$1,result_20260605!$1:$1,0))) -> 3 | C7: =SUMIF(result_20260605!$B:$B,sum_pos_20260605!$A7,INDEX(result_20260605!$A:$Z,0,MATCH(sum_pos_20260605!C$1,result_20260605!$1:$1,0))) -> 9 | D7: =SUMIF(result_20260605!$B:$B,sum_pos_20260605!$A7,INDEX(result_20260605!$A:$Z,0,MATCH(sum_pos_20260605!D$1,result_20260605!$1:$1,0))) -> 0 | E7: =SUMIF(result_20260605!$B:$B,sum_pos_20260605!$A7,INDEX(result_20260605!$A:$Z,0,MATCH(sum_pos_20260605!E$1,result_20260605!$1:$1,0))) -> 12 | F7: =SUMIF(result_20260605!$B:$B,sum_pos_20260605!$A7,INDEX(result_20260605!$A:$Z,0,MATCH(sum_pos_20260605!F$1,result_20260605!$1:$1,0))) -> 8 | G7: =SUMIF(result_20260605!$B:$B,sum_pos_20260605!$A7,INDEX(result_20260605!$A:$Z,0,MATCH(sum_pos_20260605!G$1,result_20260605!$1:$1,0))) -> 0 | H7: =SUMIF(result_20260605!$B:$B,sum_pos_20260605!$A7,INDEX(result_20260605!$A:$Z,0,MATCH(sum_pos_20260605!H$1,result_20260605!$1:$1,0))) -> 0 | I7: =SUMIF(result_20260605!$B:$B,sum_pos_20260605!$A7,INDEX(result_20260605!$A:$Z,0,MATCH(sum_pos_20260605!I$1,result_20260605!$1:$1,0))) -> 10 | ... N7: =SUMIF(result_20260605!$B:$B,sum_pos_20260605!$A7,INDEX(result_20260605!$A:$Z,0,MATCH(sum_pos_20260605!N$1,result_20260605!$1:$1,0))) -> 1 | O7: =SUM(B7:E7) -> 24 | P7: =SUM(B7:C7)/O7 -> 0.5
A8: G | B8: =SUMIF(result_20260605!$B:$B,sum_pos_20260605!$A8,INDEX(result_20260605!$A:$Z,0,MATCH(sum_pos_20260605!B$1,result_20260605!$1:$1,0))) -> 0 | C8: =SUMIF(result_20260605!$B:$B,sum_pos_20260605!$A8,INDEX(result_20260605!$A:$Z,0,MATCH(sum_pos_20260605!C$1,result_20260605!$1:$1,0))) -> 8 | D8: =SUMIF(result_20260605!$B:$B,sum_pos_20260605!$A8,INDEX(result_20260605!$A:$Z,0,MATCH(sum_pos_20260605!D$1,result_20260605!$1:$1,0))) -> 0 | E8: =SUMIF(result_20260605!$B:$B,sum_pos_20260605!$A8,INDEX(result_20260605!$A:$Z,0,MATCH(sum_pos_20260605!E$1,result_20260605!$1:$1,0))) -> 16 | F8: =SUMIF(result_20260605!$B:$B,sum_pos_20260605!$A8,INDEX(result_20260605!$A:$Z,0,MATCH(sum_pos_20260605!F$1,result_20260605!$1:$1,0))) -> 4 | G8: =SUMIF(result_20260605!$B:$B,sum_pos_20260605!$A8,INDEX(result_20260605!$A:$Z,0,MATCH(sum_pos_20260605!G$1,result_20260605!$1:$1,0))) -> 0 | H8: =SUMIF(result_20260605!$B:$B,sum_pos_20260605!$A8,INDEX(result_20260605!$A:$Z,0,MATCH(sum_pos_20260605!H$1,result_20260605!$1:$1,0))) -> 0 | I8: =SUMIF(result_20260605!$B:$B,sum_pos_20260605!$A8,INDEX(result_20260605!$A:$Z,0,MATCH(sum_pos_20260605!I$1,result_20260605!$1:$1,0))) -> 11 | ... N8: =SUMIF(result_20260605!$B:$B,sum_pos_20260605!$A8,INDEX(result_20260605!$A:$Z,0,MATCH(sum_pos_20260605!N$1,result_20260605!$1:$1,0))) -> 4 | O8: =SUM(B8:E8) -> 24 | P8: =SUM(B8:C8)/O8 -> 0.33333333
A9: H | B9: =SUMIF(result_20260605!$B:$B,sum_pos_20260605!$A9,INDEX(result_20260605!$A:$Z,0,MATCH(sum_pos_20260605!B$1,result_20260605!$1:$1,0))) -> 0 | C9: =SUMIF(result_20260605!$B:$B,sum_pos_20260605!$A9,INDEX(result_20260605!$A:$Z,0,MATCH(sum_pos_20260605!C$1,result_20260605!$1:$1,0))) -> 0 | D9: =SUMIF(result_20260605!$B:$B,sum_pos_20260605!$A9,INDEX(result_20260605!$A:$Z,0,MATCH(sum_pos_20260605!D$1,result_20260605!$1:$1,0))) -> 0 | E9: =SUMIF(result_20260605!$B:$B,sum_pos_20260605!$A9,INDEX(result_20260605!$A:$Z,0,MATCH(sum_pos_20260605!E$1,result_20260605!$1:$1,0))) -> 0 | F9: =SUMIF(result_20260605!$B:$B,sum_pos_20260605!$A9,INDEX(result_20260605!$A:$Z,0,MATCH(sum_pos_20260605!F$1,result_20260605!$1:$1,0))) -> 0 | G9: =SUMIF(result_20260605!$B:$B,sum_pos_20260605!$A9,INDEX(result_20260605!$A:$Z,0,MATCH(sum_pos_20260605!G$1,result_20260605!$1:$1,0))) -> 0 | H9: =SUMIF(result_20260605!$B:$B,sum_pos_20260605!$A9,INDEX(result_20260605!$A:$Z,0,MATCH(sum_pos_20260605!H$1,result_20260605!$1:$1,0))) -> 0 | I9: =SUMIF(result_20260605!$B:$B,sum_pos_20260605!$A9,INDEX(result_20260605!$A:$Z,0,MATCH(sum_pos_20260605!I$1,result_20260605!$1:$1,0))) -> 0 | ... N9: =SUMIF(result_20260605!$B:$B,sum_pos_20260605!$A9,INDEX(result_20260605!$A:$Z,0,MATCH(sum_pos_20260605!N$1,result_20260605!$1:$1,0))) -> 0 | O9: =SUM(B9:E9) -> 0 | P9: =SUM(B9:C9)/O9 -> #DIV/0!
A10: I | B10: =SUMIF(result_20260605!$B:$B,sum_pos_20260605!$A10,INDEX(result_20260605!$A:$Z,0,MATCH(sum_pos_20260605!B$1,result_20260605!$1:$1,0))) -> 5 | C10: =SUMIF(result_20260605!$B:$B,sum_pos_20260605!$A10,INDEX(result_20260605!$A:$Z,0,MATCH(sum_pos_20260605!C$1,result_20260605!$1:$1,0))) -> 5 | D10: =SUMIF(result_20260605!$B:$B,sum_pos_20260605!$A10,INDEX(result_20260605!$A:$Z,0,MATCH(sum_pos_20260605!D$1,result_20260605!$1:$1,0))) -> 0 | E10: =SUMIF(result_20260605!$B:$B,sum_pos_20260605!$A10,INDEX(result_20260605!$A:$Z,0,MATCH(sum_pos_20260605!E$1,result_20260605!$1:$1,0))) -> 14 | F10: =SUMIF(result_20260605!$B:$B,sum_pos_20260605!$A10,INDEX(result_20260605!$A:$Z,0,MATCH(sum_pos_20260605!F$1,result_20260605!$1:$1,0))) -> 4 | G10: =SUMIF(result_20260605!$B:$B,sum_pos_20260605!$A10,INDEX(result_20260605!$A:$Z,0,MATCH(sum_pos_20260605!G$1,result_20260605!$1:$1,0))) -> 0 | H10: =SUMIF(result_20260605!$B:$B,sum_pos_20260605!$A10,INDEX(result_20260605!$A:$Z,0,MATCH(sum_pos_20260605!H$1,result_20260605!$1:$1,0))) -> 0 | I10: =SUMIF(result_20260605!$B:$B,sum_pos_20260605!$A10,INDEX(result_20260605!$A:$Z,0,MATCH(sum_pos_20260605!I$1,result_20260605!$1:$1,0))) -> 7 | ... N10: =SUMIF(result_20260605!$B:$B,sum_pos_20260605!$A10,INDEX(result_20260605!$A:$Z,0,MATCH(sum_pos_20260605!N$1,result_20260605!$1:$1,0))) -> 1 | O10: =SUM(B10:E10) -> 24 | P10: =SUM(B10:C10)/O10 -> 0.41666667
A11: SUM | B11: =SUM(B2:B10) -> 18 | C11: =SUM(C2:C10) -> 40 | D11: =SUM(D2:D10) -> 0 | E11: =SUM(E2:E10) -> 86 | F11: =SUM(F2:F10) -> 34 | G11: =SUM(G2:G10) -> 1 | H11: =SUM(H2:H10) -> 0 | I11: =SUM(I2:I10) -> 59 | ... O11: =SUM(O2:O10) -> 144 | P11: =SUM(B11+C11)/O11 -> 0.40277778
A13: Excluding B, E, H
A14: Position | B14: Success | C14: Success after intervention | D14: Success if further action were taken | E14: Failed | F14: Grasp point not good, potential failure | G14: No poses generated | H14: No poses generated because of noise | I14: Grasp too loose | J14: Gripper stuck in foam | K14: Grasp in opposite direction | L14: Possible collision between links | M14: Object fell during turning around | N14: Object not face out after placement | O14: Trials | P14: Success rate(S+PS)
A15: A | B15: =SUMIF(result_20260605!$B:$B,sum_pos_20260605!$A15,INDEX(result_20260605!$A:$Z,0,MATCH(sum_pos_20260605!B$1,result_20260605!$1:$1,0))) -> 3 | C15: =SUMIF(result_20260605!$B:$B,sum_pos_20260605!$A15,INDEX(result_20260605!$A:$Z,0,MATCH(sum_pos_20260605!C$1,result_20260605!$1:$1,0))) -> 8 | D15: =SUMIF(result_20260605!$B:$B,sum_pos_20260605!$A15,INDEX(result_20260605!$A:$Z,0,MATCH(sum_pos_20260605!D$1,result_20260605!$1:$1,0))) -> 0 | E15: =SUMIF(result_20260605!$B:$B,sum_pos_20260605!$A15,INDEX(result_20260605!$A:$Z,0,MATCH(sum_pos_20260605!E$1,result_20260605!$1:$1,0))) -> 13 | F15: =SUMIF(result_20260605!$B:$B,sum_pos_20260605!$A15,INDEX(result_20260605!$A:$Z,0,MATCH(sum_pos_20260605!F$1,result_20260605!$1:$1,0))) -> 8 | G15: =SUMIF(result_20260605!$B:$B,sum_pos_20260605!$A15,INDEX(result_20260605!$A:$Z,0,MATCH(sum_pos_20260605!G$1,result_20260605!$1:$1,0))) -> 0 | H15: =SUMIF(result_20260605!$B:$B,sum_pos_20260605!$A15,INDEX(result_20260605!$A:$Z,0,MATCH(sum_pos_20260605!H$1,result_20260605!$1:$1,0))) -> 0 | I15: =SUMIF(result_20260605!$B:$B,sum_pos_20260605!$A15,INDEX(result_20260605!$A:$Z,0,MATCH(sum_pos_20260605!I$1,result_20260605!$1:$1,0))) -> 10 | ... N15: =SUMIF(result_20260605!$B:$B,sum_pos_20260605!$A15,INDEX(result_20260605!$A:$Z,0,MATCH(sum_pos_20260605!N$1,result_20260605!$1:$1,0))) -> 0 | O15: =SUM(B15:E15) -> 24 | P15: =SUM(B15:C15)/O15 -> 0.45833333
A16: C | B16: =SUMIF(result_20260605!$B:$B,sum_pos_20260605!$A16,INDEX(result_20260605!$A:$Z,0,MATCH(sum_pos_20260605!B$1,result_20260605!$1:$1,0))) -> 3 | C16: =SUMIF(result_20260605!$B:$B,sum_pos_20260605!$A16,INDEX(result_20260605!$A:$Z,0,MATCH(sum_pos_20260605!C$1,result_20260605!$1:$1,0))) -> 5 | D16: =SUMIF(result_20260605!$B:$B,sum_pos_20260605!$A16,INDEX(result_20260605!$A:$Z,0,MATCH(sum_pos_20260605!D$1,result_20260605!$1:$1,0))) -> 0 | E16: =SUMIF(result_20260605!$B:$B,sum_pos_20260605!$A16,INDEX(result_20260605!$A:$Z,0,MATCH(sum_pos_20260605!E$1,result_20260605!$1:$1,0))) -> 16 | F16: =SUMIF(result_20260605!$B:$B,sum_pos_20260605!$A16,INDEX(result_20260605!$A:$Z,0,MATCH(sum_pos_20260605!F$1,result_20260605!$1:$1,0))) -> 5 | G16: =SUMIF(result_20260605!$B:$B,sum_pos_20260605!$A16,INDEX(result_20260605!$A:$Z,0,MATCH(sum_pos_20260605!G$1,result_20260605!$1:$1,0))) -> 1 | H16: =SUMIF(result_20260605!$B:$B,sum_pos_20260605!$A16,INDEX(result_20260605!$A:$Z,0,MATCH(sum_pos_20260605!H$1,result_20260605!$1:$1,0))) -> 0 | I16: =SUMIF(result_20260605!$B:$B,sum_pos_20260605!$A16,INDEX(result_20260605!$A:$Z,0,MATCH(sum_pos_20260605!I$1,result_20260605!$1:$1,0))) -> 10 | ... N16: =SUMIF(result_20260605!$B:$B,sum_pos_20260605!$A16,INDEX(result_20260605!$A:$Z,0,MATCH(sum_pos_20260605!N$1,result_20260605!$1:$1,0))) -> 0 | O16: =SUM(B16:E16) -> 24 | P16: =SUM(B16:C16)/O16 -> 0.33333333
A17: D | B17: =SUMIF(result_20260605!$B:$B,sum_pos_20260605!$A17,INDEX(result_20260605!$A:$Z,0,MATCH(sum_pos_20260605!B$1,result_20260605!$1:$1,0))) -> 4 | C17: =SUMIF(result_20260605!$B:$B,sum_pos_20260605!$A17,INDEX(result_20260605!$A:$Z,0,MATCH(sum_pos_20260605!C$1,result_20260605!$1:$1,0))) -> 5 | D17: =SUMIF(result_20260605!$B:$B,sum_pos_20260605!$A17,INDEX(result_20260605!$A:$Z,0,MATCH(sum_pos_20260605!D$1,result_20260605!$1:$1,0))) -> 0 | E17: =SUMIF(result_20260605!$B:$B,sum_pos_20260605!$A17,INDEX(result_20260605!$A:$Z,0,MATCH(sum_pos_20260605!E$1,result_20260605!$1:$1,0))) -> 15 | F17: =SUMIF(result_20260605!$B:$B,sum_pos_20260605!$A17,INDEX(result_20260605!$A:$Z,0,MATCH(sum_pos_20260605!F$1,result_20260605!$1:$1,0))) -> 5 | G17: =SUMIF(result_20260605!$B:$B,sum_pos_20260605!$A17,INDEX(result_20260605!$A:$Z,0,MATCH(sum_pos_20260605!G$1,result_20260605!$1:$1,0))) -> 0 | H17: =SUMIF(result_20260605!$B:$B,sum_pos_20260605!$A17,INDEX(result_20260605!$A:$Z,0,MATCH(sum_pos_20260605!H$1,result_20260605!$1:$1,0))) -> 0 | I17: =SUMIF(result_20260605!$B:$B,sum_pos_20260605!$A17,INDEX(result_20260605!$A:$Z,0,MATCH(sum_pos_20260605!I$1,result_20260605!$1:$1,0))) -> 11 | ... N17: =SUMIF(result_20260605!$B:$B,sum_pos_20260605!$A17,INDEX(result_20260605!$A:$Z,0,MATCH(sum_pos_20260605!N$1,result_20260605!$1:$1,0))) -> 0 | O17: =SUM(B17:E17) -> 24 | P17: =SUM(B17:C17)/O17 -> 0.375
A18: F | B18: =SUMIF(result_20260605!$B:$B,sum_pos_20260605!$A18,INDEX(result_20260605!$A:$Z,0,MATCH(sum_pos_20260605!B$1,result_20260605!$1:$1,0))) -> 3 | C18: =SUMIF(result_20260605!$B:$B,sum_pos_20260605!$A18,INDEX(result_20260605!$A:$Z,0,MATCH(sum_pos_20260605!C$1,result_20260605!$1:$1,0))) -> 9 | D18: =SUMIF(result_20260605!$B:$B,sum_pos_20260605!$A18,INDEX(result_20260605!$A:$Z,0,MATCH(sum_pos_20260605!D$1,result_20260605!$1:$1,0))) -> 0 | E18: =SUMIF(result_20260605!$B:$B,sum_pos_20260605!$A18,INDEX(result_20260605!$A:$Z,0,MATCH(sum_pos_20260605!E$1,result_20260605!$1:$1,0))) -> 12 | F18: =SUMIF(result_20260605!$B:$B,sum_pos_20260605!$A18,INDEX(result_20260605!$A:$Z,0,MATCH(sum_pos_20260605!F$1,result_20260605!$1:$1,0))) -> 8 | G18: =SUMIF(result_20260605!$B:$B,sum_pos_20260605!$A18,INDEX(result_20260605!$A:$Z,0,MATCH(sum_pos_20260605!G$1,result_20260605!$1:$1,0))) -> 0 | H18: =SUMIF(result_20260605!$B:$B,sum_pos_20260605!$A18,INDEX(result_20260605!$A:$Z,0,MATCH(sum_pos_20260605!H$1,result_20260605!$1:$1,0))) -> 0 | I18: =SUMIF(result_20260605!$B:$B,sum_pos_20260605!$A18,INDEX(result_20260605!$A:$Z,0,MATCH(sum_pos_20260605!I$1,result_20260605!$1:$1,0))) -> 10 | ... N18: =SUMIF(result_20260605!$B:$B,sum_pos_20260605!$A18,INDEX(result_20260605!$A:$Z,0,MATCH(sum_pos_20260605!N$1,result_20260605!$1:$1,0))) -> 1 | O18: =SUM(B18:E18) -> 24 | P18: =SUM(B18:C18)/O18 -> 0.5
A19: G | B19: =SUMIF(result_20260605!$B:$B,sum_pos_20260605!$A19,INDEX(result_20260605!$A:$Z,0,MATCH(sum_pos_20260605!B$1,result_20260605!$1:$1,0))) -> 0 | C19: =SUMIF(result_20260605!$B:$B,sum_pos_20260605!$A19,INDEX(result_20260605!$A:$Z,0,MATCH(sum_pos_20260605!C$1,result_20260605!$1:$1,0))) -> 8 | D19: =SUMIF(result_20260605!$B:$B,sum_pos_20260605!$A19,INDEX(result_20260605!$A:$Z,0,MATCH(sum_pos_20260605!D$1,result_20260605!$1:$1,0))) -> 0 | E19: =SUMIF(result_20260605!$B:$B,sum_pos_20260605!$A19,INDEX(result_20260605!$A:$Z,0,MATCH(sum_pos_20260605!E$1,result_20260605!$1:$1,0))) -> 16 | F19: =SUMIF(result_20260605!$B:$B,sum_pos_20260605!$A19,INDEX(result_20260605!$A:$Z,0,MATCH(sum_pos_20260605!F$1,result_20260605!$1:$1,0))) -> 4 | G19: =SUMIF(result_20260605!$B:$B,sum_pos_20260605!$A19,INDEX(result_20260605!$A:$Z,0,MATCH(sum_pos_20260605!G$1,result_20260605!$1:$1,0))) -> 0 | H19: =SUMIF(result_20260605!$B:$B,sum_pos_20260605!$A19,INDEX(result_20260605!$A:$Z,0,MATCH(sum_pos_20260605!H$1,result_20260605!$1:$1,0))) -> 0 | I19: =SUMIF(result_20260605!$B:$B,sum_pos_20260605!$A19,INDEX(result_20260605!$A:$Z,0,MATCH(sum_pos_20260605!I$1,result_20260605!$1:$1,0))) -> 11 | ... N19: =SUMIF(result_20260605!$B:$B,sum_pos_20260605!$A19,INDEX(result_20260605!$A:$Z,0,MATCH(sum_pos_20260605!N$1,result_20260605!$1:$1,0))) -> 4 | O19: =SUM(B19:E19) -> 24 | P19: =SUM(B19:C19)/O19 -> 0.33333333
A20: I | B20: =SUMIF(result_20260605!$B:$B,sum_pos_20260605!$A20,INDEX(result_20260605!$A:$Z,0,MATCH(sum_pos_20260605!B$1,result_20260605!$1:$1,0))) -> 5 | C20: =SUMIF(result_20260605!$B:$B,sum_pos_20260605!$A20,INDEX(result_20260605!$A:$Z,0,MATCH(sum_pos_20260605!C$1,result_20260605!$1:$1,0))) -> 5 | D20: =SUMIF(result_20260605!$B:$B,sum_pos_20260605!$A20,INDEX(result_20260605!$A:$Z,0,MATCH(sum_pos_20260605!D$1,result_20260605!$1:$1,0))) -> 0 | E20: =SUMIF(result_20260605!$B:$B,sum_pos_20260605!$A20,INDEX(result_20260605!$A:$Z,0,MATCH(sum_pos_20260605!E$1,result_20260605!$1:$1,0))) -> 14 | F20: =SUMIF(result_20260605!$B:$B,sum_pos_20260605!$A20,INDEX(result_20260605!$A:$Z,0,MATCH(sum_pos_20260605!F$1,result_20260605!$1:$1,0))) -> 4 | G20: =SUMIF(result_20260605!$B:$B,sum_pos_20260605!$A20,INDEX(result_20260605!$A:$Z,0,MATCH(sum_pos_20260605!G$1,result_20260605!$1:$1,0))) -> 0 | H20: =SUMIF(result_20260605!$B:$B,sum_pos_20260605!$A20,INDEX(result_20260605!$A:$Z,0,MATCH(sum_pos_20260605!H$1,result_20260605!$1:$1,0))) -> 0 | I20: =SUMIF(result_20260605!$B:$B,sum_pos_20260605!$A20,INDEX(result_20260605!$A:$Z,0,MATCH(sum_pos_20260605!I$1,result_20260605!$1:$1,0))) -> 7 | ... N20: =SUMIF(result_20260605!$B:$B,sum_pos_20260605!$A20,INDEX(result_20260605!$A:$Z,0,MATCH(sum_pos_20260605!N$1,result_20260605!$1:$1,0))) -> 1 | O20: =SUM(B20:E20) -> 24 | P20: =SUM(B20:C20)/O20 -> 0.41666667
A21: SUM | B21: =SUM(B15:B20) -> 18 | C21: =SUM(C15:C20) -> 40 | D21: =SUM(D15:D20) -> 0 | E21: =SUM(E15:E20) -> 86 | F21: =SUM(F15:F20) -> 34 | G21: =SUM(G15:G20) -> 1 | H21: =SUM(H15:H20) -> 0 | I21: =SUM(I15:I20) -> 59 | ... O21: =SUM(O15:O20) -> 144 | P21: =SUM(B21+C21)/O21 -> 0.40277778

Sheet sum_fail_20260605
A1: Failure reason | B1: Count | C1: Percentage | F1: Orientation | G1: sum | H1: F1 | I1: F2 | J1: F3 | K1: F4 | L1: F5 | M1: F1/% | N1: F2/% | O1: F3/% | P1: F4/% | Q1: F5/% | R1: Dominant
A2: Grasp too loose | B2: =result_20260605!I146 -> 59 | C2: =B2/$B$19 -> 0.68604651 | F2: 1 | G2: {=SUMPRODUCT((result_20260605!$A$2:$A$182=sum_fail_20260605!$F2)*result_20260605!$I$2:$Q$182)} -> 10 | H2: {=SUMPRODUCT((result_20260605!$A$2:$A$182=sum_fail_20260605!$F2)*result_20260605!$I$2:$K$182)} -> 9 | I2: {=SUMPRODUCT((result_20260605!$A$2:$A$182=sum_fail_20260605!$F2)*result_20260605!$L$2:$M$182)} -> 0 | J2: {=SUMPRODUCT((result_20260605!$A$2:$A$182=sum_fail_20260605!$F2)*result_20260605!$N$2:$N$182)} -> 0 | K2: {=SUMPRODUCT((result_20260605!$A$2:$A$182=sum_fail_20260605!$F2)*result_20260605!$O$2:$O$182)} -> 0 | L2: {=SUMPRODUCT((result_20260605!$A$2:$A$182=sum_fail_20260605!$F2)*result_20260605!$P$2:$Q$182)} -> 1 | M2: =H2/$G2 -> 0.9 | N2: =I2/$G2 -> 0 | O2: =J2/$G2 -> 0 | P2: =K2/$G2 -> 0 | Q2: =L2/$G2 -> 0.1 | R2: F1
A3: Object fell during turning around | B3: =result_20260605!J146 -> 10 | C3: =B3/$B$19 -> 0.11627907 | F3: 2 | G3: {=SUMPRODUCT((result_20260605!$A$2:$A$182=sum_fail_20260605!$F3)*result_20260605!$I$2:$Q$182)} -> 18 | H3: {=SUMPRODUCT((result_20260605!$A$2:$A$182=sum_fail_20260605!$F3)*result_20260605!$I$2:$K$182)} -> 16 | I3: {=SUMPRODUCT((result_20260605!$A$2:$A$182=sum_fail_20260605!$F3)*result_20260605!$L$2:$M$182)} -> 0 | J3: {=SUMPRODUCT((result_20260605!$A$2:$A$182=sum_fail_20260605!$F3)*result_20260605!$N$2:$N$182)} -> 0 | K3: {=SUMPRODUCT((result_20260605!$A$2:$A$182=sum_fail_20260605!$F3)*result_20260605!$O$2:$O$182)} -> 0 | L3: {=SUMPRODUCT((result_20260605!$A$2:$A$182=sum_fail_20260605!$F3)*result_20260605!$P$2:$Q$182)} -> 2 | M3: =H3/$G3 -> 0.88888889 | N3: =I3/$G3 -> 0 | O3: =J3/$G3 -> 0 | P3: =K3/$G3 -> 0 | Q3: =L3/$G3 -> 0.11111111 | R3: F1
A4: Gripper stuck in foam | B4: =result_20260605!K146 -> 2 | C4: =B4/$B$19 -> 0.023255814 | F4: 3 | G4: {=SUMPRODUCT((result_20260605!$A$2:$A$182=sum_fail_20260605!$F4)*result_20260605!$I$2:$Q$182)} -> 18 | H4: {=SUMPRODUCT((result_20260605!$A$2:$A$182=sum_fail_20260605!$F4)*result_20260605!$I$2:$K$182)} -> 5 | I4: {=SUMPRODUCT((result_20260605!$A$2:$A$182=sum_fail_20260605!$F4)*result_20260605!$L$2:$M$182)} -> 1 | J4: {=SUMPRODUCT((result_20260605!$A$2:$A$182=sum_fail_20260605!$F4)*result_20260605!$N$2:$N$182)} -> 12 | K4: {=SUMPRODUCT((result_20260605!$A$2:$A$182=sum_fail_20260605!$F4)*result_20260605!$O$2:$O$182)} -> 0 | L4: {=SUMPRODUCT((result_20260605!$A$2:$A$182=sum_fail_20260605!$F4)*result_20260605!$P$2:$Q$182)} -> 0 | M4: =H4/$G4 -> 0.27777778 | N4: =I4/$G4 -> 0.055555556 | O4: =J4/$G4 -> 0.66666667 | P4: =K4/$G4 -> 0 | Q4: =L4/$G4 -> 0 | R4: F3
A5: No poses generated | B5: =result_20260605!L146 -> 1 | C5: =B5/$B$19 -> 0.011627907 | F5: 4 | G5: {=SUMPRODUCT((result_20260605!$A$2:$A$182=sum_fail_20260605!$F5)*result_20260605!$I$2:$Q$182)} -> 17 | H5: {=SUMPRODUCT((result_20260605!$A$2:$A$182=sum_fail_20260605!$F5)*result_20260605!$I$2:$K$182)} -> 2 | I5: {=SUMPRODUCT((result_20260605!$A$2:$A$182=sum_fail_20260605!$F5)*result_20260605!$L$2:$M$182)} -> 0 | J5: {=SUMPRODUCT((result_20260605!$A$2:$A$182=sum_fail_20260605!$F5)*result_20260605!$N$2:$N$182)} -> 0 | K5: {=SUMPRODUCT((result_20260605!$A$2:$A$182=sum_fail_20260605!$F5)*result_20260605!$O$2:$O$182)} -> 0 | L5: {=SUMPRODUCT((result_20260605!$A$2:$A$182=sum_fail_20260605!$F5)*result_20260605!$P$2:$Q$182)} -> 15 | M5: =H5/$G5 -> 0.11764706 | N5: =I5/$G5 -> 0 | O5: =J5/$G5 -> 0 | P5: =K5/$G5 -> 0 | Q5: =L5/$G5 -> 0.88235294 | R5: F5
A6: No poses generated because of noise | B6: =result_20260605!M146 -> 0 | C6: =B6/$B$19 -> 0 | F6: 5 | G6: {=SUMPRODUCT((result_20260605!$A$2:$A$182=sum_fail_20260605!$F6)*result_20260605!$I$2:$Q$182)} -> 12 | H6: {=SUMPRODUCT((result_20260605!$A$2:$A$182=sum_fail_20260605!$F6)*result_20260605!$I$2:$K$182)} -> 10 | I6: {=SUMPRODUCT((result_20260605!$A$2:$A$182=sum_fail_20260605!$F6)*result_20260605!$L$2:$M$182)} -> 0 | J6: {=SUMPRODUCT((result_20260605!$A$2:$A$182=sum_fail_20260605!$F6)*result_20260605!$N$2:$N$182)} -> 1 | K6: {=SUMPRODUCT((result_20260605!$A$2:$A$182=sum_fail_20260605!$F6)*result_20260605!$O$2:$O$182)} -> 0 | L6: {=SUMPRODUCT((result_20260605!$A$2:$A$182=sum_fail_20260605!$F6)*result_20260605!$P$2:$Q$182)} -> 1 | M6: =H6/$G6 -> 0.83333333 | N6: =I6/$G6 -> 0 | O6: =J6/$G6 -> 0.083333333 | P6: =K6/$G6 -> 0 | Q6: =L6/$G6 -> 0.083333333 | R6: F1
A7: Possible collision between links | B7: =result_20260605!N146 -> 14 | C7: =B7/$B$19 -> 0.1627907 | F7: 6 | G7: {=SUMPRODUCT((result_20260605!$A$2:$A$182=sum_fail_20260605!$F7)*result_20260605!$I$2:$Q$182)} -> 18 | H7: {=SUMPRODUCT((result_20260605!$A$2:$A$182=sum_fail_20260605!$F7)*result_20260605!$I$2:$K$182)} -> 11 | I7: {=SUMPRODUCT((result_20260605!$A$2:$A$182=sum_fail_20260605!$F7)*result_20260605!$L$2:$M$182)} -> 0 | J7: {=SUMPRODUCT((result_20260605!$A$2:$A$182=sum_fail_20260605!$F7)*result_20260605!$N$2:$N$182)} -> 0 | K7: {=SUMPRODUCT((result_20260605!$A$2:$A$182=sum_fail_20260605!$F7)*result_20260605!$O$2:$O$182)} -> 0 | L7: {=SUMPRODUCT((result_20260605!$A$2:$A$182=sum_fail_20260605!$F7)*result_20260605!$P$2:$Q$182)} -> 7 | M7: =H7/$G7 -> 0.61111111 | N7: =I7/$G7 -> 0 | O7: =J7/$G7 -> 0 | P7: =K7/$G7 -> 0 | Q7: =L7/$G7 -> 0.38888889 | R7: F1
A8: Grasp in opposite direction | B8: =result_20260605!O146 -> 0 | C8: =B8/$B$19 -> 0 | F8: 7 | G8: {=SUMPRODUCT((result_20260605!$A$2:$A$182=sum_fail_20260605!$F8)*result_20260605!$I$2:$Q$182)} -> 18 | H8: {=SUMPRODUCT((result_20260605!$A$2:$A$182=sum_fail_20260605!$F8)*result_20260605!$I$2:$K$182)} -> 13 | I8: {=SUMPRODUCT((result_20260605!$A$2:$A$182=sum_fail_20260605!$F8)*result_20260605!$L$2:$M$182)} -> 0 | J8: {=SUMPRODUCT((result_20260605!$A$2:$A$182=sum_fail_20260605!$F8)*result_20260605!$N$2:$N$182)} -> 1 | K8: {=SUMPRODUCT((result_20260605!$A$2:$A$182=sum_fail_20260605!$F8)*result_20260605!$O$2:$O$182)} -> 0 | L8: {=SUMPRODUCT((result_20260605!$A$2:$A$182=sum_fail_20260605!$F8)*result_20260605!$P$2:$Q$182)} -> 4 | M8: =H8/$G8 -> 0.72222222 | N8: =I8/$G8 -> 0 | O8: =J8/$G8 -> 0.055555556 | P8: =K8/$G8 -> 0 | Q8: =L8/$G8 -> 0.22222222 | R8: F1
A9: Grasp point not good, potential failure | B9: =result_20260605!P146 -> 34 | C9: =B9/$B$19 -> 0.39534884 | F9: 8 | G9: {=SUMPRODUCT((result_20260605!$A$2:$A$182=sum_fail_20260605!$F9)*result_20260605!$I$2:$Q$182)} -> 15 | H9: {=SUMPRODUCT((result_20260605!$A$2:$A$182=sum_fail_20260605!$F9)*result_20260605!$I$2:$K$182)} -> 5 | I9: {=SUMPRODUCT((result_20260605!$A$2:$A$182=sum_fail_20260605!$F9)*result_20260605!$L$2:$M$182)} -> 0 | J9: {=SUMPRODUCT((result_20260605!$A$2:$A$182=sum_fail_20260605!$F9)*result_20260605!$N$2:$N$182)} -> 0 | K9: {=SUMPRODUCT((result_20260605!$A$2:$A$182=sum_fail_20260605!$F9)*result_20260605!$O$2:$O$182)} -> 0 | L9: {=SUMPRODUCT((result_20260605!$A$2:$A$182=sum_fail_20260605!$F9)*result_20260605!$P$2:$Q$182)} -> 10 | M9: =H9/$G9 -> 0.33333333 | N9: =I9/$G9 -> 0 | O9: =J9/$G9 -> 0 | P9: =K9/$G9 -> 0 | Q9: =L9/$G9 -> 0.66666667 | R9: F5
A10: Object not face out after placement | B10: =result_20260605!Q146 -> 6 | C10: =B10/$B$19 -> 0.069767442 | G10: =SUM(G2:G9) -> 126 | H10: =SUM(H2:H9) -> 71 | I10: =SUM(I2:I9) -> 1 | J10: =SUM(J2:J9) -> 14 | K10: =SUM(K2:K9) -> 0 | L10: =SUM(L2:L9) -> 40
F12: Position | G12: sum | H12: F1 | I12: F2 | J12: F3 | K12: F4 | L12: F5
F13: A | G13: {=SUMPRODUCT((result_20260605!$B$2:$B$182=sum_fail_20260605!$F13)*result_20260605!$I$2:$R$182)} -> 21 | H13: {=SUMPRODUCT((result_20260605!$B$2:$B$182=sum_fail_20260605!$F13)*result_20260605!$I$2:$K$182)} -> 11 | I13: {=SUMPRODUCT((result_20260605!$B$2:$B$182=sum_fail_20260605!$F13)*result_20260605!$L$2:$M$182)} -> 0 | J13: {=SUMPRODUCT((result_20260605!$B$2:$B$182=sum_fail_20260605!$F13)*result_20260605!$N$2:$N$182)} -> 2 | K13: {=SUMPRODUCT((result_20260605!$B$2:$B$182=sum_fail_20260605!$F13)*result_20260605!$O$2:$O$182)} -> 0 | L13: {=SUMPRODUCT((result_20260605!$B$2:$B$182=sum_fail_20260605!$F13)*result_20260605!$P$2:$Q$182)} -> 8
A14: Success | B14: =result_20260605!E146 -> 18 | F14: C | G14: {=SUMPRODUCT((result_20260605!$B$2:$B$182=sum_fail_20260605!$F14)*result_20260605!$I$2:$R$182)} -> 21 | H14: {=SUMPRODUCT((result_20260605!$B$2:$B$182=sum_fail_20260605!$F14)*result_20260605!$I$2:$K$182)} -> 14 | I14: {=SUMPRODUCT((result_20260605!$B$2:$B$182=sum_fail_20260605!$F14)*result_20260605!$L$2:$M$182)} -> 1 | J14: {=SUMPRODUCT((result_20260605!$B$2:$B$182=sum_fail_20260605!$F14)*result_20260605!$N$2:$N$182)} -> 1 | K14: {=SUMPRODUCT((result_20260605!$B$2:$B$182=sum_fail_20260605!$F14)*result_20260605!$O$2:$O$182)} -> 0 | L14: {=SUMPRODUCT((result_20260605!$B$2:$B$182=sum_fail_20260605!$F14)*result_20260605!$P$2:$Q$182)} -> 5
A15: Success after intervention | B15: =result_20260605!F146 -> 40 | F15: D | G15: {=SUMPRODUCT((result_20260605!$B$2:$B$182=sum_fail_20260605!$F15)*result_20260605!$I$2:$R$182)} -> 20 | H15: {=SUMPRODUCT((result_20260605!$B$2:$B$182=sum_fail_20260605!$F15)*result_20260605!$I$2:$K$182)} -> 12 | I15: {=SUMPRODUCT((result_20260605!$B$2:$B$182=sum_fail_20260605!$F15)*result_20260605!$L$2:$M$182)} -> 0 | J15: {=SUMPRODUCT((result_20260605!$B$2:$B$182=sum_fail_20260605!$F15)*result_20260605!$N$2:$N$182)} -> 3 | K15: {=SUMPRODUCT((result_20260605!$B$2:$B$182=sum_fail_20260605!$F15)*result_20260605!$O$2:$O$182)} -> 0 | L15: {=SUMPRODUCT((result_20260605!$B$2:$B$182=sum_fail_20260605!$F15)*result_20260605!$P$2:$Q$182)} -> 5
A16: Success if further action were taken | B16: =result_20260605!G146 -> 0 | F16: F | G16: {=SUMPRODUCT((result_20260605!$B$2:$B$182=sum_fail_20260605!$F16)*result_20260605!$I$2:$R$182)} -> 21 | H16: {=SUMPRODUCT((result_20260605!$B$2:$B$182=sum_fail_20260605!$F16)*result_20260605!$I$2:$K$182)} -> 11 | I16: {=SUMPRODUCT((result_20260605!$B$2:$B$182=sum_fail_20260605!$F16)*result_20260605!$L$2:$M$182)} -> 0 | J16: {=SUMPRODUCT((result_20260605!$B$2:$B$182=sum_fail_20260605!$F16)*result_20260605!$N$2:$N$182)} -> 1 | K16: {=SUMPRODUCT((result_20260605!$B$2:$B$182=sum_fail_20260605!$F16)*result_20260605!$O$2:$O$182)} -> 0 | L16: {=SUMPRODUCT((result_20260605!$B$2:$B$182=sum_fail_20260605!$F16)*result_20260605!$P$2:$Q$182)} -> 9
A17: Failed | B17: =result_20260605!H146 -> 86 | F17: G | G17: {=SUMPRODUCT((result_20260605!$B$2:$B$182=sum_fail_20260605!$F17)*result_20260605!$I$2:$R$182)} -> 24 | H17: {=SUMPRODUCT((result_20260605!$B$2:$B$182=sum_fail_20260605!$F17)*result_20260605!$I$2:$K$182)} -> 13 | I17: {=SUMPRODUCT((result_20260605!$B$2:$B$182=sum_fail_20260605!$F17)*result_20260605!$L$2:$M$182)} -> 0 | J17: {=SUMPRODUCT((result_20260605!$B$2:$B$182=sum_fail_20260605!$F17)*result_20260605!$N$2:$N$182)} -> 3 | K17: {=SUMPRODUCT((result_20260605!$B$2:$B$182=sum_fail_20260605!$F17)*result_20260605!$O$2:$O$182)} -> 0 | L17: {=SUMPRODUCT((result_20260605!$B$2:$B$182=sum_fail_20260605!$F17)*result_20260605!$P$2:$Q$182)} -> 8
A18: Trials | B18: =SUM(result_20260605!E146:H146) -> 144 | F18: I | G18: {=SUMPRODUCT((result_20260605!$B$2:$B$182=sum_fail_20260605!$F18)*result_20260605!$I$2:$R$182)} -> 19 | H18: {=SUMPRODUCT((result_20260605!$B$2:$B$182=sum_fail_20260605!$F18)*result_20260605!$I$2:$K$182)} -> 10 | I18: {=SUMPRODUCT((result_20260605!$B$2:$B$182=sum_fail_20260605!$F18)*result_20260605!$L$2:$M$182)} -> 0 | J18: {=SUMPRODUCT((result_20260605!$B$2:$B$182=sum_fail_20260605!$F18)*result_20260605!$N$2:$N$182)} -> 4 | K18: {=SUMPRODUCT((result_20260605!$B$2:$B$182=sum_fail_20260605!$F18)*result_20260605!$O$2:$O$182)} -> 0 | L18: {=SUMPRODUCT((result_20260605!$B$2:$B$182=sum_fail_20260605!$F18)*result_20260605!$P$2:$Q$182)} -> 5
A19: Failed trails (PF+F) | B19: =SUM(result_20260605!G146:H146) -> 86 | G19: =SUM(G13:G18) -> 126 | H19: =SUM(H13:H18) -> 71 | I19: =SUM(I13:I18) -> 1 | J19: =SUM(J13:J18) -> 14 | K19: =SUM(K13:K18) -> 0 | L19: =SUM(L13:L18) -> 40
A20: Partially Success and Failed trails (PS+PF+F) | B20: =B15+B16+B17 -> 126
C21: PS+PF+F | D21: PF+F
A22: F1: Grip force failure | B22: =result_20260605!I146+result_20260605!J146+result_20260605!K146 -> 71 | C22: =B22/$B$20 -> 0.56349206 | D22: =B22/$B$17 -> 0.8255814
A23: F2: No valid pose | B23: =result_20260605!L146+result_20260605!M146 -> 1 | C23: =B23/$B$20 -> 0.0079365079 | D23: =B23/$B$17 -> 0.011627907
A24: F3: Kinematic infeasibility | B24: =result_20260605!N146 -> 14 | C24: =B24/$B$20 -> 0.11111111 | D24: =B24/$B$17 -> 0.1627907
A25: F4: Orientation error | B25: =result_20260605!O146 -> 0 | C25: =B25/$B$20 -> 0 | D25: =B25/$B$17 -> 0
A26: F5: Manual intervention necessary | B26: =result_20260605!P146+result_20260605!Q146 -> 40 | C26: =B26/$B$20 -> 0.31746032

Sheet intro_20260611
B3: Example
C4: A | D4: D | E4: G | G4: 1 | H4: 2 | I4: 3 | J4: 4 | K4: 5 | L4: 6 | M4: 7 | N4: 8
C6: B | D6: E | E6: H | G6: ð | H6: ï | I6: ñ | J6: ò | K6: ö | L6: ÷ | M6: õ | N6: ø
C8: C | D8: F | E8: I
B12: 11.06.2026 | C12: agv_table_center_link grasp_x_offset, _y_offset, _z_offset | D12: pcd_bound_x | E12: pcd_bound_y | F12: pcd_bound_z | G12: graspness_th | H12: grasp_height_th | I12: grasp_cog_max_dist_th | J12: grasp_cog_min_dist_th | K12: cog_axis_projection_th | L12: t0_to_tcp joint
B13: Final | C13: (-0.7, 0.0, 0.131) | D13: (-0.3,0.4) | E13: (-0.4,0.4) | F13: (-0.01,0.3) | G13: 0.2 | H13: 0.002 | I13: 0.025 | J13: 0.01 | K13: 0.5 | L13: xyz=(0,0,0.25)
C14: reset_pose.position.x | D14: reset_pose.position.y | E14: reset_pose.position.z | F14: reset_pose.orientation.x | G14: reset_pose.orientation.y | H14: reset_pose.orientation.z | I14: reset_pose.orientation.w
C15: 1.447416 | D15: 3.302368 | E15: 1.365898 | F15: -0.009596 | G15: 0.999594 | H15: 0.025939 | I15: -0.006796
D18: UR10e | G18: 1 | H18: 2 | I18: 3 | J18: 4 | K18: 5 | L18: 6 | M18: 7 | N18: 8
G19: =sum_orient_20260611!P2 -> 0.94444444 | H19: =sum_orient_20260611!P3 -> 1 | I19: =sum_orient_20260611!P4 -> 0 | J19: =sum_orient_20260611!P5 -> 0.83333333 | K19: =sum_orient_20260611!P6 -> 0.94444444 | L19: =sum_orient_20260611!P7 -> 1 | M19: =sum_orient_20260611!P8 -> 0.5 | N19: =sum_orient_20260611!P9 -> 0.94444444
C20: A | D20: D | E20: G | G20: ð | H20: ï | I20: ñ | J20: ò | K20: ö | L20: ÷ | M20: õ | N20: ø
C21: =sum_pos_20260611!P2 -> 0.79166667 | D21: =sum_pos_20260611!P5 -> 0.79166667 | E21: =sum_pos_20260611!P8 -> 0.66666667
C22: B | D22: E | E22: H
C23: =sum_pos_20260611!P3 -> #DIV/0! | D23: =sum_pos_20260611!P6 -> #DIV/0! | E23: =sum_pos_20260611!P9 -> #DIV/0!
C24: C | D24: F | E24: I
C25: =sum_pos_20260611!P4 -> 0.875 | D25: =sum_pos_20260611!P7 -> 0.83333333 | E25: =sum_pos_20260611!P10 -> 0.66666667

Sheet result_20260611
A1: Orientation | B1: Position | C1: Trial | D1: Name | E1: Success | F1: Success after intervention | G1: Success if further action were taken | H1: Failed | I1: Grasp too loose | J1: No poses generated | K1: Possible collision between links | L1: Grasp aborted due to joint limits | M1: Grasp in opposite direction | N1: Grasp point not good, potential failure | O1: Grasp too close to the object | P1: Grasp point too low, placement distant from holder | Q1: Object not face out after placement
A2: 1 | B2: A | C2: 1 | D2: =A2&"-"&B2&"-"&C2 -> 1-A-1 | F2: 1 | Q2: 1
A3: 1 | B3: A | C3: 2 | D3: =A3&"-"&B3&"-"&C3 -> 1-A-2 | F3: 1 | Q3: 1
A4: 1 | B4: A | C4: 3 | D4: =A4&"-"&B4&"-"&C4 -> 1-A-3 | F4: 1 | Q4: 1
A5: 1 | B5: C | C5: 1 | D5: =A5&"-"&B5&"-"&C5 -> 1-C-1 | E5: 1
A6: 1 | B6: C | C6: 2 | D6: =A6&"-"&B6&"-"&C6 -> 1-C-2 | E6: 1
A7: 1 | B7: C | C7: 3 | D7: =A7&"-"&B7&"-"&C7 -> 1-C-3 | E7: 1
A8: 1 | B8: D | C8: 1 | D8: =A8&"-"&B8&"-"&C8 -> 1-D-1 | E8: 1
A9: 1 | B9: D | C9: 2 | D9: =A9&"-"&B9&"-"&C9 -> 1-D-2 | E9: 1
A10: 1 | B10: D | C10: 3 | D10: =A10&"-"&B10&"-"&C10 -> 1-D-3 | F10: 1 | Q10: 1
A11: 1 | B11: F | C11: 1 | D11: =A11&"-"&B11&"-"&C11 -> 1-F-1 | F11: 1 | Q11: 1
A12: 1 | B12: F | C12: 2 | D12: =A12&"-"&B12&"-"&C12 -> 1-F-2 | E12: 1
A13: 1 | B13: F | C13: 3 | D13: =A13&"-"&B13&"-"&C13 -> 1-F-3 | E13: 1
A14: 1 | B14: G | C14: 1 | D14: =A14&"-"&B14&"-"&C14 -> 1-G-1 | E14: 1
A15: 1 | B15: G | C15: 2 | D15: =A15&"-"&B15&"-"&C15 -> 1-G-2 | H15: 1 | I15: 1
A16: 1 | B16: G | C16: 3 | D16: =A16&"-"&B16&"-"&C16 -> 1-G-3 | E16: 1
A17: 1 | B17: I | C17: 1 | D17: =A17&"-"&B17&"-"&C17 -> 1-I-1 | E17: 1
A18: 1 | B18: I | C18: 2 | D18: =A18&"-"&B18&"-"&C18 -> 1-I-2 | E18: 1
A19: 1 | B19: I | C19: 3 | D19: =A19&"-"&B19&"-"&C19 -> 1-I-3 | F19: 1 | Q19: 1
A20: 2 | B20: A | C20: 1 | D20: =A20&"-"&B20&"-"&C20 -> 2-A-1 | F20: 1 | P20: 1
A21: 2 | B21: A | C21: 2 | D21: =A21&"-"&B21&"-"&C21 -> 2-A-2 | F21: 1 | P21: 1
A22: 2 | B22: A | C22: 3 | D22: =A22&"-"&B22&"-"&C22 -> 2-A-3 | F22: 1 | P22: 1
A23: 2 | B23: C | C23: 1 | D23: =A23&"-"&B23&"-"&C23 -> 2-C-1 | F23: 1 | P23: 1
A24: 2 | B24: C | C24: 2 | D24: =A24&"-"&B24&"-"&C24 -> 2-C-2 | F24: 1 | P24: 1
A25: 2 | B25: C | C25: 3 | D25: =A25&"-"&B25&"-"&C25 -> 2-C-3 | F25: 1 | P25: 1
A26: 2 | B26: D | C26: 1 | D26: =A26&"-"&B26&"-"&C26 -> 2-D-1 | F26: 1 | P26: 1
A27: 2 | B27: D | C27: 2 | D27: =A27&"-"&B27&"-"&C27 -> 2-D-2 | F27: 1 | P27: 1
A28: 2 | B28: D | C28: 3 | D28: =A28&"-"&B28&"-"&C28 -> 2-D-3 | F28: 1 | P28: 1
A29: 2 | B29: F | C29: 1 | D29: =A29&"-"&B29&"-"&C29 -> 2-F-1 | F29: 1 | P29: 1
A30: 2 | B30: F | C30: 2 | D30: =A30&"-"&B30&"-"&C30 -> 2-F-2 | F30: 1 | P30: 1
A31: 2 | B31: F | C31: 3 | D31: =A31&"-"&B31&"-"&C31 -> 2-F-3 | F31: 1 | P31: 1
... A37: 2 | B37: I | C37: 3 | D37: =A37&"-"&B37&"-"&C37 -> 2-I-3 | F37: 1 | P37: 1
A38: 3 | B38: A | C38: 1 | D38: =A38&"-"&B38&"-"&C38 -> 3-A-1 | H38: 1 | K38: 1
A39: 3 | B39: A | C39: 2 | D39: =A39&"-"&B39&"-"&C39 -> 3-A-2 | H39: 1 | K39: 1
A40: 3 | B40: A | C40: 3 | D40: =A40&"-"&B40&"-"&C40 -> 3-A-3 | H40: 1 | K40: 1
A41: 3 | B41: C | C41: 1 | D41: =A41&"-"&B41&"-"&C41 -> 3-C-1 | H41: 1 | J41: 1
A42: 3 | B42: C | C42: 2 | D42: =A42&"-"&B42&"-"&C42 -> 3-C-2 | H42: 1 | J42: 1
A43: 3 | B43: C | C43: 3 | D43: =A43&"-"&B43&"-"&C43 -> 3-C-3 | H43: 1 | J43: 1
A44: 3 | B44: D | C44: 1 | D44: =A44&"-"&B44&"-"&C44 -> 3-D-1 | H44: 1 | L44: 1
A45: 3 | B45: D | C45: 2 | D45: =A45&"-"&B45&"-"&C45 -> 3-D-2 | H45: 1 | K45: 1
A46: 3 | B46: D | C46: 3 | D46: =A46&"-"&B46&"-"&C46 -> 3-D-3 | H46: 1 | K46: 1
A47: 3 | B47: F | C47: 1 | D47: =A47&"-"&B47&"-"&C47 -> 3-F-1 | H47: 1 | K47: 1
A48: 3 | B48: F | C48: 2 | D48: =A48&"-"&B48&"-"&C48 -> 3-F-2 | H48: 1 | K48: 1
A49: 3 | B49: F | C49: 3 | D49: =A49&"-"&B49&"-"&C49 -> 3-F-3 | H49: 1 | K49: 1
A50: 3 | B50: G | C50: 1 | D50: =A50&"-"&B50&"-"&C50 -> 3-G-1 | H50: 1 | K50: 1
A51: 3 | B51: G | C51: 2 | D51: =A51&"-"&B51&"-"&C51 -> 3-G-2 | H51: 1 | K51: 1
A52: 3 | B52: G | C52: 3 | D52: =A52&"-"&B52&"-"&C52 -> 3-G-3 | H52: 1 | K52: 1
A53: 3 | B53: I | C53: 1 | D53: =A53&"-"&B53&"-"&C53 -> 3-I-1 | H53: 1 | L53: 1
A54: 3 | B54: I | C54: 2 | D54: =A54&"-"&B54&"-"&C54 -> 3-I-2 | H54: 1 | L54: 1
A55: 3 | B55: I | C55: 3 | D55: =A55&"-"&B55&"-"&C55 -> 3-I-3 | H55: 1 | L55: 1
A56: 4 | B56: A | C56: 1 | D56: =A56&"-"&B56&"-"&C56 -> 4-A-1 | H56: 1 | L56: 1
A57: 4 | B57: A | C57: 2 | D57: =A57&"-"&B57&"-"&C57 -> 4-A-2 | E57: 1
A58: 4 | B58: A | C58: 3 | D58: =A58&"-"&B58&"-"&C58 -> 4-A-3 | E58: 1
A59: 4 | B59: C | C59: 1 | D59: =A59&"-"&B59&"-"&C59 -> 4-C-1 | E59: 1
A60: 4 | B60: C | C60: 2 | D60: =A60&"-"&B60&"-"&C60 -> 4-C-2 | E60: 1
A61: 4 | B61: C | C61: 3 | D61: =A61&"-"&B61&"-"&C61 -> 4-C-3 | E61: 1
A62: 4 | B62: D | C62: 1 | D62: =A62&"-"&B62&"-"&C62 -> 4-D-1 | F62: 1 | O62: 1
A63: 4 | B63: D | C63: 2 | D63: =A63&"-"&B63&"-"&C63 -> 4-D-2 | E63: 1
A64: 4 | B64: D | C64: 3 | D64: =A64&"-"&B64&"-"&C64 -> 4-D-3 | F64: 1 | Q64: 1
A65: 4 | B65: F | C65: 1 | D65: =A65&"-"&B65&"-"&C65 -> 4-F-1 | E65: 1
A66: 4 | B66: F | C66: 2 | D66: =A66&"-"&B66&"-"&C66 -> 4-F-2 | E66: 1
A67: 4 | B67: F | C67: 3 | D67: =A67&"-"&B67&"-"&C67 -> 4-F-3 | E67: 1
A68: 4 | B68: G | C68: 1 | D68: =A68&"-"&B68&"-"&C68 -> 4-G-1 | F68: 1 | O68: 1
A69: 4 | B69: G | C69: 2 | D69: =A69&"-"&B69&"-"&C69 -> 4-G-2 | F69: 1 | O69: 1
A70: 4 | B70: G | C70: 3 | D70: =A70&"-"&B70&"-"&C70 -> 4-G-3 | F70: 1 | O70: 1
A71: 4 | B71: I | C71: 1 | D71: =A71&"-"&B71&"-"&C71 -> 4-I-1 | H71: 1 | J71: 1
A72: 4 | B72: I | C72: 2 | D72: =A72&"-"&B72&"-"&C72 -> 4-I-2 | E72: 1
A73: 4 | B73: I | C73: 3 | D73: =A73&"-"&B73&"-"&C73 -> 4-I-3 | H73: 1 | J73: 1
A74: 5 | B74: A | C74: 1 | D74: =A74&"-"&B74&"-"&C74 -> 5-A-1 | E74: 1
A75: 5 | B75: A | C75: 2 | D75: =A75&"-"&B75&"-"&C75 -> 5-A-2 | E75: 1
A76: 5 | B76: A | C76: 3 | D76: =A76&"-"&B76&"-"&C76 -> 5-A-3 | E76: 1
A77: 5 | B77: C | C77: 1 | D77: =A77&"-"&B77&"-"&C77 -> 5-C-1 | E77: 1
A78: 5 | B78: C | C78: 2 | D78: =A78&"-"&B78&"-"&C78 -> 5-C-2 | F78: 1 | Q78: 1
A79: 5 | B79: C | C79: 3 | D79: =A79&"-"&B79&"-"&C79 -> 5-C-3 | F79: 1 | Q79: 1
A80: 5 | B80: D | C80: 1 | D80: =A80&"-"&B80&"-"&C80 -> 5-D-1 | E80: 1
A81: 5 | B81: D | C81: 2 | D81: =A81&"-"&B81&"-"&C81 -> 5-D-2 | E81: 1
A82: 5 | B82: D | C82: 3 | D82: =A82&"-"&B82&"-"&C82 -> 5-D-3 | E82: 1
A83: 5 | B83: F | C83: 1 | D83: =A83&"-"&B83&"-"&C83 -> 5-F-1 | E83: 1
A84: 5 | B84: F | C84: 2 | D84: =A84&"-"&B84&"-"&C84 -> 5-F-2 | E84: 1
A85: 5 | B85: F | C85: 3 | D85: =A85&"-"&B85&"-"&C85 -> 5-F-3 | E85: 1
A86: 5 | B86: G | C86: 1 | D86: =A86&"-"&B86&"-"&C86 -> 5-G-1 | F86: 1 | Q86: 1
A87: 5 | B87: G | C87: 2 | D87: =A87&"-"&B87&"-"&C87 -> 5-G-2 | E87: 1
A88: 5 | B88: G | C88: 3 | D88: =A88&"-"&B88&"-"&C88 -> 5-G-3 | H88: 1 | J88: 1
A89: 5 | B89: I | C89: 1 | D89: =A89&"-"&B89&"-"&C89 -> 5-I-1 | E89: 1
A90: 5 | B90: I | C90: 2 | D90: =A90&"-"&B90&"-"&C90 -> 5-I-2 | F90: 1 | Q90: 1
A91: 5 | B91: I | C91: 3 | D91: =A91&"-"&B91&"-"&C91 -> 5-I-3 | E91: 1
A92: 6 | B92: A | C92: 1 | D92: =A92&"-"&B92&"-"&C92 -> 6-A-1 | E92: 1
A93: 6 | B93: A | C93: 2 | D93: =A93&"-"&B93&"-"&C93 -> 6-A-2 | E93: 1
A94: 6 | B94: A | C94: 3 | D94: =A94&"-"&B94&"-"&C94 -> 6-A-3 | E94: 1
A95: 6 | B95: C | C95: 1 | D95: =A95&"-"&B95&"-"&C95 -> 6-C-1 | E95: 1
A96: 6 | B96: C | C96: 2 | D96: =A96&"-"&B96&"-"&C96 -> 6-C-2 | E96: 1
A97: 6 | B97: C | C97: 3 | D97: =A97&"-"&B97&"-"&C97 -> 6-C-3 | E97: 1
A98: 6 | B98: D | C98: 1 | D98: =A98&"-"&B98&"-"&C98 -> 6-D-1 | F98: 1 | P98: 1
A99: 6 | B99: D | C99: 2 | D99: =A99&"-"&B99&"-"&C99 -> 6-D-2 | F99: 1 | P99: 1
A100: 6 | B100: D | C100: 3 | D100: =A100&"-"&B100&"-"&C100 -> 6-D-3 | E100: 1
A101: 6 | B101: F | C101: 1 | D101: =A101&"-"&B101&"-"&C101 -> 6-F-1 | E101: 1
A102: 6 | B102: F | C102: 2 | D102: =A102&"-"&B102&"-"&C102 -> 6-F-2 | E102: 1
A103: 6 | B103: F | C103: 3 | D103: =A103&"-"&B103&"-"&C103 -> 6-F-3 | E103: 1
A104: 6 | B104: G | C104: 1 | D104: =A104&"-"&B104&"-"&C104 -> 6-G-1 | F104: 1 | P104: 1
A105: 6 | B105: G | C105: 2 | D105: =A105&"-"&B105&"-"&C105 -> 6-G-2 | F105: 1 | P105: 1
...

Sheet sum_orient_20260611
A1: Orientation | B1: Success | C1: Success after intervention | D1: Success if further action were taken | E1: Failed | F1: Grasp point not good, potential failure | G1: No poses generated | H1: Grasp too close to the object | I1: Grasp too loose | J1: Grasp point too low, placement distant from holder | K1: Grasp in opposite direction | L1: Possible collision between links | M1: Grasp aborted due to joint limits | N1: Object not face out after placement | O1: Trials | P1: Success rate(S+PS)
A2: 1 | B2: =SUMIF(result_20260611!$A:$A,sum_orient_20260611!$A2,INDEX(result_20260611!$A:$Z,0,MATCH(sum_orient_20260611!B$1,result_20260611!$1:$1,0))) -> 11 | C2: =SUMIF(result_20260611!$A:$A,sum_orient_20260611!$A2,INDEX(result_20260611!$A:$Z,0,MATCH(sum_orient_20260611!C$1,result_20260611!$1:$1,0))) -> 6 | D2: =SUMIF(result_20260611!$A:$A,sum_orient_20260611!$A2,INDEX(result_20260611!$A:$Z,0,MATCH(sum_orient_20260611!D$1,result_20260611!$1:$1,0))) -> 0 | E2: =SUMIF(result_20260611!$A:$A,sum_orient_20260611!$A2,INDEX(result_20260611!$A:$Z,0,MATCH(sum_orient_20260611!E$1,result_20260611!$1:$1,0))) -> 1 | F2: =SUMIF(result_20260611!$A:$A,sum_orient_20260611!$A2,INDEX(result_20260611!$A:$Z,0,MATCH(sum_orient_20260611!F$1,result_20260611!$1:$1,0))) -> 0 | G2: =SUMIF(result_20260611!$A:$A,sum_orient_20260611!$A2,INDEX(result_20260611!$A:$Z,0,MATCH(sum_orient_20260611!G$1,result_20260611!$1:$1,0))) -> 0 | H2: =SUMIF(result_20260611!$A:$A,sum_orient_20260611!$A2,INDEX(result_20260611!$A:$Z,0,MATCH(sum_orient_20260611!H$1,result_20260611!$1:$1,0))) -> 0 | I2: =SUMIF(result_20260611!$A:$A,sum_orient_20260611!$A2,INDEX(result_20260611!$A:$Z,0,MATCH(sum_orient_20260611!I$1,result_20260611!$1:$1,0))) -> 1 | ... N2: =SUMIF(result_20260611!$A:$A,sum_orient_20260611!$A2,INDEX(result_20260611!$A:$Z,0,MATCH(sum_orient_20260611!N$1,result_20260611!$1:$1,0))) -> 6 | O2: =SUM(B2:E2) -> 18 | P2: =SUM(B2+C2)/O2 -> 0.94444444
A3: 2 | B3: =SUMIF(result_20260611!$A:$A,sum_orient_20260611!$A3,INDEX(result_20260611!$A:$Z,0,MATCH(sum_orient_20260611!B$1,result_20260611!$1:$1,0))) -> 0 | C3: =SUMIF(result_20260611!$A:$A,sum_orient_20260611!$A3,INDEX(result_20260611!$A:$Z,0,MATCH(sum_orient_20260611!C$1,result_20260611!$1:$1,0))) -> 18 | D3: =SUMIF(result_20260611!$A:$A,sum_orient_20260611!$A3,INDEX(result_20260611!$A:$Z,0,MATCH(sum_orient_20260611!D$1,result_20260611!$1:$1,0))) -> 0 | E3: =SUMIF(result_20260611!$A:$A,sum_orient_20260611!$A3,INDEX(result_20260611!$A:$Z,0,MATCH(sum_orient_20260611!E$1,result_20260611!$1:$1,0))) -> 0 | F3: =SUMIF(result_20260611!$A:$A,sum_orient_20260611!$A3,INDEX(result_20260611!$A:$Z,0,MATCH(sum_orient_20260611!F$1,result_20260611!$1:$1,0))) -> 0 | G3: =SUMIF(result_20260611!$A:$A,sum_orient_20260611!$A3,INDEX(result_20260611!$A:$Z,0,MATCH(sum_orient_20260611!G$1,result_20260611!$1:$1,0))) -> 0 | H3: =SUMIF(result_20260611!$A:$A,sum_orient_20260611!$A3,INDEX(result_20260611!$A:$Z,0,MATCH(sum_orient_20260611!H$1,result_20260611!$1:$1,0))) -> 0 | I3: =SUMIF(result_20260611!$A:$A,sum_orient_20260611!$A3,INDEX(result_20260611!$A:$Z,0,MATCH(sum_orient_20260611!I$1,result_20260611!$1:$1,0))) -> 0 | ... N3: =SUMIF(result_20260611!$A:$A,sum_orient_20260611!$A3,INDEX(result_20260611!$A:$Z,0,MATCH(sum_orient_20260611!N$1,result_20260611!$1:$1,0))) -> 0 | O3: =SUM(B3:E3) -> 18 | P3: =SUM(B3+C3)/O3 -> 1
A4: 3 | B4: =SUMIF(result_20260611!$A:$A,sum_orient_20260611!$A4,INDEX(result_20260611!$A:$Z,0,MATCH(sum_orient_20260611!B$1,result_20260611!$1:$1,0))) -> 0 | C4: =SUMIF(result_20260611!$A:$A,sum_orient_20260611!$A4,INDEX(result_20260611!$A:$Z,0,MATCH(sum_orient_20260611!C$1,result_20260611!$1:$1,0))) -> 0 | D4: =SUMIF(result_20260611!$A:$A,sum_orient_20260611!$A4,INDEX(result_20260611!$A:$Z,0,MATCH(sum_orient_20260611!D$1,result_20260611!$1:$1,0))) -> 0 | E4: =SUMIF(result_20260611!$A:$A,sum_orient_20260611!$A4,INDEX(result_20260611!$A:$Z,0,MATCH(sum_orient_20260611!E$1,result_20260611!$1:$1,0))) -> 18 | F4: =SUMIF(result_20260611!$A:$A,sum_orient_20260611!$A4,INDEX(result_20260611!$A:$Z,0,MATCH(sum_orient_20260611!F$1,result_20260611!$1:$1,0))) -> 0 | G4: =SUMIF(result_20260611!$A:$A,sum_orient_20260611!$A4,INDEX(result_20260611!$A:$Z,0,MATCH(sum_orient_20260611!G$1,result_20260611!$1:$1,0))) -> 3 | H4: =SUMIF(result_20260611!$A:$A,sum_orient_20260611!$A4,INDEX(result_20260611!$A:$Z,0,MATCH(sum_orient_20260611!H$1,result_20260611!$1:$1,0))) -> 0 | I4: =SUMIF(result_20260611!$A:$A,sum_orient_20260611!$A4,INDEX(result_20260611!$A:$Z,0,MATCH(sum_orient_20260611!I$1,result_20260611!$1:$1,0))) -> 0 | ... N4: =SUMIF(result_20260611!$A:$A,sum_orient_20260611!$A4,INDEX(result_20260611!$A:$Z,0,MATCH(sum_orient_20260611!N$1,result_20260611!$1:$1,0))) -> 0 | O4: =SUM(B4:E4) -> 18 | P4: =SUM(B4+C4)/O4 -> 0
A5: 4 | B5: =SUMIF(result_20260611!$A:$A,sum_orient_20260611!$A5,INDEX(result_20260611!$A:$Z,0,MATCH(sum_orient_20260611!B$1,result_20260611!$1:$1,0))) -> 10 | C5: =SUMIF(result_20260611!$A:$A,sum_orient_20260611!$A5,INDEX(result_20260611!$A:$Z,0,MATCH(sum_orient_20260611!C$1,result_20260611!$1:$1,0))) -> 5 | D5: =SUMIF(result_20260611!$A:$A,sum_orient_20260611!$A5,INDEX(result_20260611!$A:$Z,0,MATCH(sum_orient_20260611!D$1,result_20260611!$1:$1,0))) -> 0 | E5: =SUMIF(result_20260611!$A:$A,sum_orient_20260611!$A5,INDEX(result_20260611!$A:$Z,0,MATCH(sum_orient_20260611!E$1,result_20260611!$1:$1,0))) -> 3 | F5: =SUMIF(result_20260611!$A:$A,sum_orient_20260611!$A5,INDEX(result_20260611!$A:$Z,0,MATCH(sum_orient_20260611!F$1,result_20260611!$1:$1,0))) -> 0 | G5: =SUMIF(result_20260611!$A:$A,sum_orient_20260611!$A5,INDEX(result_20260611!$A:$Z,0,MATCH(sum_orient_20260611!G$1,result_20260611!$1:$1,0))) -> 2 | H5: =SUMIF(result_20260611!$A:$A,sum_orient_20260611!$A5,INDEX(result_20260611!$A:$Z,0,MATCH(sum_orient_20260611!H$1,result_20260611!$1:$1,0))) -> 4 | I5: =SUMIF(result_20260611!$A:$A,sum_orient_20260611!$A5,INDEX(result_20260611!$A:$Z,0,MATCH(sum_orient_20260611!I$1,result_20260611!$1:$1,0))) -> 0 | ... N5: =SUMIF(result_20260611!$A:$A,sum_orient_20260611!$A5,INDEX(result_20260611!$A:$Z,0,MATCH(sum_orient_20260611!N$1,result_20260611!$1:$1,0))) -> 1 | O5: =SUM(B5:E5) -> 18 | P5: =SUM(B5+C5)/O5 -> 0.83333333
A6: 5 | B6: =SUMIF(result_20260611!$A:$A,sum_orient_20260611!$A6,INDEX(result_20260611!$A:$Z,0,MATCH(sum_orient_20260611!B$1,result_20260611!$1:$1,0))) -> 13 | C6: =SUMIF(result_20260611!$A:$A,sum_orient_20260611!$A6,INDEX(result_20260611!$A:$Z,0,MATCH(sum_orient_20260611!C$1,result_20260611!$1:$1,0))) -> 4 | D6: =SUMIF(result_20260611!$A:$A,sum_orient_20260611!$A6,INDEX(result_20260611!$A:$Z,0,MATCH(sum_orient_20260611!D$1,result_20260611!$1:$1,0))) -> 0 | E6: =SUMIF(result_20260611!$A:$A,sum_orient_20260611!$A6,INDEX(result_20260611!$A:$Z,0,MATCH(sum_orient_20260611!E$1,result_20260611!$1:$1,0))) -> 1 | F6: =SUMIF(result_20260611!$A:$A,sum_orient_20260611!$A6,INDEX(result_20260611!$A:$Z,0,MATCH(sum_orient_20260611!F$1,result_20260611!$1:$1,0))) -> 0 | G6: =SUMIF(result_20260611!$A:$A,sum_orient_20260611!$A6,INDEX(result_20260611!$A:$Z,0,MATCH(sum_orient_20260611!G$1,result_20260611!$1:$1,0))) -> 1 | H6: =SUMIF(result_20260611!$A:$A,sum_orient_20260611!$A6,INDEX(result_20260611!$A:$Z,0,MATCH(sum_orient_20260611!H$1,result_20260611!$1:$1,0))) -> 0 | I6: =SUMIF(result_20260611!$A:$A,sum_orient_20260611!$A6,INDEX(result_20260611!$A:$Z,0,MATCH(sum_orient_20260611!I$1,result_20260611!$1:$1,0))) -> 0 | ... N6: =SUMIF(result_20260611!$A:$A,sum_orient_20260611!$A6,INDEX(result_20260611!$A:$Z,0,MATCH(sum_orient_20260611!N$1,result_20260611!$1:$1,0))) -> 4 | O6: =SUM(B6:E6) -> 18 | P6: =SUM(B6+C6)/O6 -> 0.94444444
A7: 6 | B7: =SUMIF(result_20260611!$A:$A,sum_orient_20260611!$A7,INDEX(result_20260611!$A:$Z,0,MATCH(sum_orient_20260611!B$1,result_20260611!$1:$1,0))) -> 12 | C7: =SUMIF(result_20260611!$A:$A,sum_orient_20260611!$A7,INDEX(result_20260611!$A:$Z,0,MATCH(sum_orient_20260611!C$1,result_20260611!$1:$1,0))) -> 6 | D7: =SUMIF(result_20260611!$A:$A,sum_orient_20260611!$A7,INDEX(result_20260611!$A:$Z,0,MATCH(sum_orient_20260611!D$1,result_20260611!$1:$1,0))) -> 0 | E7: =SUMIF(result_20260611!$A:$A,sum_orient_20260611!$A7,INDEX(result_20260611!$A:$Z,0,MATCH(sum_orient_20260611!E$1,result_20260611!$1:$1,0))) -> 0 | F7: =SUMIF(result_20260611!$A:$A,sum_orient_20260611!$A7,INDEX(result_20260611!$A:$Z,0,MATCH(sum_orient_20260611!F$1,result_20260611!$1:$1,0))) -> 0 | G7: =SUMIF(result_20260611!$A:$A,sum_orient_20260611!$A7,INDEX(result_20260611!$A:$Z,0,MATCH(sum_orient_20260611!G$1,result_20260611!$1:$1,0))) -> 0 | H7: =SUMIF(result_20260611!$A:$A,sum_orient_20260611!$A7,INDEX(result_20260611!$A:$Z,0,MATCH(sum_orient_20260611!H$1,result_20260611!$1:$1,0))) -> 1 | I7: =SUMIF(result_20260611!$A:$A,sum_orient_20260611!$A7,INDEX(result_20260611!$A:$Z,0,MATCH(sum_orient_20260611!I$1,result_20260611!$1:$1,0))) -> 0 | ... N7: =SUMIF(result_20260611!$A:$A,sum_orient_20260611!$A7,INDEX(result_20260611!$A:$Z,0,MATCH(sum_orient_20260611!N$1,result_20260611!$1:$1,0))) -> 0 | O7: =SUM(B7:E7) -> 18 | P7: =SUM(B7+C7)/O7 -> 1
A8: 7 | B8: =SUMIF(result_20260611!$A:$A,sum_orient_20260611!$A8,INDEX(result_20260611!$A:$Z,0,MATCH(sum_orient_20260611!B$1,result_20260611!$1:$1,0))) -> 6 | C8: =SUMIF(result_20260611!$A:$A,sum_orient_20260611!$A8,INDEX(result_20260611!$A:$Z,0,MATCH(sum_orient_20260611!C$1,result_20260611!$1:$1,0))) -> 3 | D8: =SUMIF(result_20260611!$A:$A,sum_orient_20260611!$A8,INDEX(result_20260611!$A:$Z,0,MATCH(sum_orient_20260611!D$1,result_20260611!$1:$1,0))) -> 0 | E8: =SUMIF(result_20260611!$A:$A,sum_orient_20260611!$A8,INDEX(result_20260611!$A:$Z,0,MATCH(sum_orient_20260611!E$1,result_20260611!$1:$1,0))) -> 9 | F8: =SUMIF(result_20260611!$A:$A,sum_orient_20260611!$A8,INDEX(result_20260611!$A:$Z,0,MATCH(sum_orient_20260611!F$1,result_20260611!$1:$1,0))) -> 0 | G8: =SUMIF(result_20260611!$A:$A,sum_orient_20260611!$A8,INDEX(result_20260611!$A:$Z,0,MATCH(sum_orient_20260611!G$1,result_20260611!$1:$1,0))) -> 0 | H8: =SUMIF(result_20260611!$A:$A,sum_orient_20260611!$A8,INDEX(result_20260611!$A:$Z,0,MATCH(sum_orient_20260611!H$1,result_20260611!$1:$1,0))) -> 0 | I8: =SUMIF(result_20260611!$A:$A,sum_orient_20260611!$A8,INDEX(result_20260611!$A:$Z,0,MATCH(sum_orient_20260611!I$1,result_20260611!$1:$1,0))) -> 0 | ... N8: =SUMIF(result_20260611!$A:$A,sum_orient_20260611!$A8,INDEX(result_20260611!$A:$Z,0,MATCH(sum_orient_20260611!N$1,result_20260611!$1:$1,0))) -> 0 | O8: =SUM(B8:E8) -> 18 | P8: =SUM(B8+C8)/O8 -> 0.5
A9: 8 | B9: =SUMIF(result_20260611!$A:$A,sum_orient_20260611!$A9,INDEX(result_20260611!$A:$Z,0,MATCH(sum_orient_20260611!B$1,result_20260611!$1:$1,0))) -> 2 | C9: =SUMIF(result_20260611!$A:$A,sum_orient_20260611!$A9,INDEX(result_20260611!$A:$Z,0,MATCH(sum_orient_20260611!C$1,result_20260611!$1:$1,0))) -> 15 | D9: =SUMIF(result_20260611!$A:$A,sum_orient_20260611!$A9,INDEX(result_20260611!$A:$Z,0,MATCH(sum_orient_20260611!D$1,result_20260611!$1:$1,0))) -> 0 | E9: =SUMIF(result_20260611!$A:$A,sum_orient_20260611!$A9,INDEX(result_20260611!$A:$Z,0,MATCH(sum_orient_20260611!E$1,result_20260611!$1:$1,0))) -> 1 | F9: =SUMIF(result_20260611!$A:$A,sum_orient_20260611!$A9,INDEX(result_20260611!$A:$Z,0,MATCH(sum_orient_20260611!F$1,result_20260611!$1:$1,0))) -> 0 | G9: =SUMIF(result_20260611!$A:$A,sum_orient_20260611!$A9,INDEX(result_20260611!$A:$Z,0,MATCH(sum_orient_20260611!G$1,result_20260611!$1:$1,0))) -> 1 | H9: =SUMIF(result_20260611!$A:$A,sum_orient_20260611!$A9,INDEX(result_20260611!$A:$Z,0,MATCH(sum_orient_20260611!H$1,result_20260611!$1:$1,0))) -> 10 | I9: =SUMIF(result_20260611!$A:$A,sum_orient_20260611!$A9,INDEX(result_20260611!$A:$Z,0,MATCH(sum_orient_20260611!I$1,result_20260611!$1:$1,0))) -> 0 | ... N9: =SUMIF(result_20260611!$A:$A,sum_orient_20260611!$A9,INDEX(result_20260611!$A:$Z,0,MATCH(sum_orient_20260611!N$1,result_20260611!$1:$1,0))) -> 5 | O9: =SUM(B9:E9) -> 18 | P9: =SUM(B9+C9)/O9 -> 0.94444444
A10: SUM | B10: =SUM(B2:B9) -> 54 | C10: =SUM(C2:C9) -> 57 | D10: =SUM(D2:D9) -> 0 | E10: =SUM(E2:E9) -> 33 | F10: =SUM(F2:F9) -> 0 | G10: =SUM(G2:G9) -> 7 | H10: =SUM(H2:H9) -> 15 | I10: =SUM(I2:I9) -> 1 | ... O10: =SUM(O2:O9) -> 144 | P10: =SUM(B10+C10)/O10 -> 0.77083333
A12: Excluding Orient. 3,5,7
A13: Orientation | B13: Success | C13: Success after intervention | D13: Success if further action were taken | E13: Failed | F13: Grasp point not good, potential failure | G13: No poses generated | H13: Grasp too close to the object | I13: Grasp too loose | J13: Grasp point too low, placement distant from holder | K13: Grasp in opposite direction | L13: Possible collision between links | M13: Grasp aborted due to joint limits | N13: Object not face out after placement | O13: Trials | P13: Success rate(S+PS)
A14: 1 | B14: =SUMIF(result_20260611!$A:$A,sum_orient_20260611!$A14,INDEX(result_20260611!$A:$Z,0,MATCH(sum_orient_20260611!B$1,result_20260611!$1:$1,0))) -> 11 | C14: =SUMIF(result_20260611!$A:$A,sum_orient_20260611!$A14,INDEX(result_20260611!$A:$Z,0,MATCH(sum_orient_20260611!C$1,result_20260611!$1:$1,0))) -> 6 | D14: =SUMIF(result_20260611!$A:$A,sum_orient_20260611!$A14,INDEX(result_20260611!$A:$Z,0,MATCH(sum_orient_20260611!D$1,result_20260611!$1:$1,0))) -> 0 | E14: =SUMIF(result_20260611!$A:$A,sum_orient_20260611!$A14,INDEX(result_20260611!$A:$Z,0,MATCH(sum_orient_20260611!E$1,result_20260611!$1:$1,0))) -> 1 | F14: =SUMIF(result_20260611!$A:$A,sum_orient_20260611!$A14,INDEX(result_20260611!$A:$Z,0,MATCH(sum_orient_20260611!F$1,result_20260611!$1:$1,0))) -> 0 | G14: =SUMIF(result_20260611!$A:$A,sum_orient_20260611!$A14,INDEX(result_20260611!$A:$Z,0,MATCH(sum_orient_20260611!G$1,result_20260611!$1:$1,0))) -> 0 | H14: =SUMIF(result_20260611!$A:$A,sum_orient_20260611!$A14,INDEX(result_20260611!$A:$Z,0,MATCH(sum_orient_20260611!H$1,result_20260611!$1:$1,0))) -> 0 | I14: =SUMIF(result_20260611!$A:$A,sum_orient_20260611!$A14,INDEX(result_20260611!$A:$Z,0,MATCH(sum_orient_20260611!I$1,result_20260611!$1:$1,0))) -> 1 | ... N14: =SUMIF(result_20260611!$A:$A,sum_orient_20260611!$A14,INDEX(result_20260611!$A:$Z,0,MATCH(sum_orient_20260611!N$1,result_20260611!$1:$1,0))) -> 6 | O14: =SUM(B14:E14) -> 18 | P14: =SUM(B14+C14)/O14 -> 0.94444444
A15: 2 | B15: =SUMIF(result_20260611!$A:$A,sum_orient_20260611!$A15,INDEX(result_20260611!$A:$Z,0,MATCH(sum_orient_20260611!B$1,result_20260611!$1:$1,0))) -> 0 | C15: =SUMIF(result_20260611!$A:$A,sum_orient_20260611!$A15,INDEX(result_20260611!$A:$Z,0,MATCH(sum_orient_20260611!C$1,result_20260611!$1:$1,0))) -> 18 | D15: =SUMIF(result_20260611!$A:$A,sum_orient_20260611!$A15,INDEX(result_20260611!$A:$Z,0,MATCH(sum_orient_20260611!D$1,result_20260611!$1:$1,0))) -> 0 | E15: =SUMIF(result_20260611!$A:$A,sum_orient_20260611!$A15,INDEX(result_20260611!$A:$Z,0,MATCH(sum_orient_20260611!E$1,result_20260611!$1:$1,0))) -> 0 | F15: =SUMIF(result_20260611!$A:$A,sum_orient_20260611!$A15,INDEX(result_20260611!$A:$Z,0,MATCH(sum_orient_20260611!F$1,result_20260611!$1:$1,0))) -> 0 | G15: =SUMIF(result_20260611!$A:$A,sum_orient_20260611!$A15,INDEX(result_20260611!$A:$Z,0,MATCH(sum_orient_20260611!G$1,result_20260611!$1:$1,0))) -> 0 | H15: =SUMIF(result_20260611!$A:$A,sum_orient_20260611!$A15,INDEX(result_20260611!$A:$Z,0,MATCH(sum_orient_20260611!H$1,result_20260611!$1:$1,0))) -> 0 | I15: =SUMIF(result_20260611!$A:$A,sum_orient_20260611!$A15,INDEX(result_20260611!$A:$Z,0,MATCH(sum_orient_20260611!I$1,result_20260611!$1:$1,0))) -> 0 | ... N15: =SUMIF(result_20260611!$A:$A,sum_orient_20260611!$A15,INDEX(result_20260611!$A:$Z,0,MATCH(sum_orient_20260611!N$1,result_20260611!$1:$1,0))) -> 0 | O15: =SUM(B15:E15) -> 18 | P15: =SUM(B15+C15)/O15 -> 1
A16: 4 | B16: =SUMIF(result_20260611!$A:$A,sum_orient_20260611!$A16,INDEX(result_20260611!$A:$Z,0,MATCH(sum_orient_20260611!B$1,result_20260611!$1:$1,0))) -> 10 | C16: =SUMIF(result_20260611!$A:$A,sum_orient_20260611!$A16,INDEX(result_20260611!$A:$Z,0,MATCH(sum_orient_20260611!C$1,result_20260611!$1:$1,0))) -> 5 | D16: =SUMIF(result_20260611!$A:$A,sum_orient_20260611!$A16,INDEX(result_20260611!$A:$Z,0,MATCH(sum_orient_20260611!D$1,result_20260611!$1:$1,0))) -> 0 | E16: =SUMIF(result_20260611!$A:$A,sum_orient_20260611!$A16,INDEX(result_20260611!$A:$Z,0,MATCH(sum_orient_20260611!E$1,result_20260611!$1:$1,0))) -> 3 | F16: =SUMIF(result_20260611!$A:$A,sum_orient_20260611!$A16,INDEX(result_20260611!$A:$Z,0,MATCH(sum_orient_20260611!F$1,result_20260611!$1:$1,0))) -> 0 | G16: =SUMIF(result_20260611!$A:$A,sum_orient_20260611!$A16,INDEX(result_20260611!$A:$Z,0,MATCH(sum_orient_20260611!G$1,result_20260611!$1:$1,0))) -> 2 | H16: =SUMIF(result_20260611!$A:$A,sum_orient_20260611!$A16,INDEX(result_20260611!$A:$Z,0,MATCH(sum_orient_20260611!H$1,result_20260611!$1:$1,0))) -> 4 | I16: =SUMIF(result_20260611!$A:$A,sum_orient_20260611!$A16,INDEX(result_20260611!$A:$Z,0,MATCH(sum_orient_20260611!I$1,result_20260611!$1:$1,0))) -> 0 | ... N16: =SUMIF(result_20260611!$A:$A,sum_orient_20260611!$A16,INDEX(result_20260611!$A:$Z,0,MATCH(sum_orient_20260611!N$1,result_20260611!$1:$1,0))) -> 1 | O16: =SUM(B16:E16) -> 18 | P16: =SUM(B16+C16)/O16 -> 0.83333333
A17: 5 | B17: =SUMIF(result_20260611!$A:$A,sum_orient_20260611!$A17,INDEX(result_20260611!$A:$Z,0,MATCH(sum_orient_20260611!B$1,result_20260611!$1:$1,0))) -> 13 | C17: =SUMIF(result_20260611!$A:$A,sum_orient_20260611!$A17,INDEX(result_20260611!$A:$Z,0,MATCH(sum_orient_20260611!C$1,result_20260611!$1:$1,0))) -> 4 | D17: =SUMIF(result_20260611!$A:$A,sum_orient_20260611!$A17,INDEX(result_20260611!$A:$Z,0,MATCH(sum_orient_20260611!D$1,result_20260611!$1:$1,0))) -> 0 | E17: =SUMIF(result_20260611!$A:$A,sum_orient_20260611!$A17,INDEX(result_20260611!$A:$Z,0,MATCH(sum_orient_20260611!E$1,result_20260611!$1:$1,0))) -> 1 | F17: =SUMIF(result_20260611!$A:$A,sum_orient_20260611!$A17,INDEX(result_20260611!$A:$Z,0,MATCH(sum_orient_20260611!F$1,result_20260611!$1:$1,0))) -> 0 | G17: =SUMIF(result_20260611!$A:$A,sum_orient_20260611!$A17,INDEX(result_20260611!$A:$Z,0,MATCH(sum_orient_20260611!G$1,result_20260611!$1:$1,0))) -> 1 | H17: =SUMIF(result_20260611!$A:$A,sum_orient_20260611!$A17,INDEX(result_20260611!$A:$Z,0,MATCH(sum_orient_20260611!H$1,result_20260611!$1:$1,0))) -> 0 | I17: =SUMIF(result_20260611!$A:$A,sum_orient_20260611!$A17,INDEX(result_20260611!$A:$Z,0,MATCH(sum_orient_20260611!I$1,result_20260611!$1:$1,0))) -> 0 | ... N17: =SUMIF(result_20260611!$A:$A,sum_orient_20260611!$A17,INDEX(result_20260611!$A:$Z,0,MATCH(sum_orient_20260611!N$1,result_20260611!$1:$1,0))) -> 4 | O17: =SUM(B17:E17) -> 18 | P17: =SUM(B17+C17)/O17 -> 0.94444444
A18: 6 | B18: =SUMIF(result_20260611!$A:$A,sum_orient_20260611!$A18,INDEX(result_20260611!$A:$Z,0,MATCH(sum_orient_20260611!B$1,result_20260611!$1:$1,0))) -> 12 | C18: =SUMIF(result_20260611!$A:$A,sum_orient_20260611!$A18,INDEX(result_20260611!$A:$Z,0,MATCH(sum_orient_20260611!C$1,result_20260611!$1:$1,0))) -> 6 | D18: =SUMIF(result_20260611!$A:$A,sum_orient_20260611!$A18,INDEX(result_20260611!$A:$Z,0,MATCH(sum_orient_20260611!D$1,result_20260611!$1:$1,0))) -> 0 | E18: =SUMIF(result_20260611!$A:$A,sum_orient_20260611!$A18,INDEX(result_20260611!$A:$Z,0,MATCH(sum_orient_20260611!E$1,result_20260611!$1:$1,0))) -> 0 | F18: =SUMIF(result_20260611!$A:$A,sum_orient_20260611!$A18,INDEX(result_20260611!$A:$Z,0,MATCH(sum_orient_20260611!F$1,result_20260611!$1:$1,0))) -> 0 | G18: =SUMIF(result_20260611!$A:$A,sum_orient_20260611!$A18,INDEX(result_20260611!$A:$Z,0,MATCH(sum_orient_20260611!G$1,result_20260611!$1:$1,0))) -> 0 | H18: =SUMIF(result_20260611!$A:$A,sum_orient_20260611!$A18,INDEX(result_20260611!$A:$Z,0,MATCH(sum_orient_20260611!H$1,result_20260611!$1:$1,0))) -> 1 | I18: =SUMIF(result_20260611!$A:$A,sum_orient_20260611!$A18,INDEX(result_20260611!$A:$Z,0,MATCH(sum_orient_20260611!I$1,result_20260611!$1:$1,0))) -> 0 | ... N18: =SUMIF(result_20260611!$A:$A,sum_orient_20260611!$A18,INDEX(result_20260611!$A:$Z,0,MATCH(sum_orient_20260611!N$1,result_20260611!$1:$1,0))) -> 0 | O18: =SUM(B18:E18) -> 18 | P18: =SUM(B18+C18)/O18 -> 1
A19: 8 | B19: =SUMIF(result_20260611!$A:$A,sum_orient_20260611!$A19,INDEX(result_20260611!$A:$Z,0,MATCH(sum_orient_20260611!B$1,result_20260611!$1:$1,0))) -> 2 | C19: =SUMIF(result_20260611!$A:$A,sum_orient_20260611!$A19,INDEX(result_20260611!$A:$Z,0,MATCH(sum_orient_20260611!C$1,result_20260611!$1:$1,0))) -> 15 | D19: =SUMIF(result_20260611!$A:$A,sum_orient_20260611!$A19,INDEX(result_20260611!$A:$Z,0,MATCH(sum_orient_20260611!D$1,result_20260611!$1:$1,0))) -> 0 | E19: =SUMIF(result_20260611!$A:$A,sum_orient_20260611!$A19,INDEX(result_20260611!$A:$Z,0,MATCH(sum_orient_20260611!E$1,result_20260611!$1:$1,0))) -> 1 | F19: =SUMIF(result_20260611!$A:$A,sum_orient_20260611!$A19,INDEX(result_20260611!$A:$Z,0,MATCH(sum_orient_20260611!F$1,result_20260611!$1:$1,0))) -> 0 | G19: =SUMIF(result_20260611!$A:$A,sum_orient_20260611!$A19,INDEX(result_20260611!$A:$Z,0,MATCH(sum_orient_20260611!G$1,result_20260611!$1:$1,0))) -> 1 | H19: =SUMIF(result_20260611!$A:$A,sum_orient_20260611!$A19,INDEX(result_20260611!$A:$Z,0,MATCH(sum_orient_20260611!H$1,result_20260611!$1:$1,0))) -> 10 | I19: =SUMIF(result_20260611!$A:$A,sum_orient_20260611!$A19,INDEX(result_20260611!$A:$Z,0,MATCH(sum_orient_20260611!I$1,result_20260611!$1:$1,0))) -> 0 | ... N19: =SUMIF(result_20260611!$A:$A,sum_orient_20260611!$A19,INDEX(result_20260611!$A:$Z,0,MATCH(sum_orient_20260611!N$1,result_20260611!$1:$1,0))) -> 5 | O19: =SUM(B19:E19) -> 18 | P19: =SUM(B19+C19)/O19 -> 0.94444444
A20: SUM | B20: =SUM(B14:B19) -> 48 | C20: =SUM(C14:C19) -> 54 | D20: =SUM(D14:D19) -> 0 | E20: =SUM(E14:E19) -> 6 | F20: =SUM(F14:F19) -> 0 | G20: =SUM(G14:G19) -> 4 | H20: =SUM(H14:H19) -> 15 | I20: =SUM(I14:I19) -> 1 | ... O20: =SUM(O14:O19) -> 108 | P20: =SUM(B20+C20)/O20 -> 0.94444444

Sheet sum_pos_20260611
A1: Position | B1: Success | C1: Success after intervention | D1: Success if further action were taken | E1: Failed | F1: Grasp point not good, potential failure | G1: No poses generated | H1: Grasp too close to the object | I1: Grasp too loose | J1: Grasp point too low, placement distant from holder | K1: Grasp in opposite direction | L1: Possible collision between links | M1: Grasp aborted due to joint limits | N1: Object not face out after placement | O1: Trials | P1: Success rate(S+PS)
A2: A | B2: =SUMIF(result_20260611!$B:$B,sum_pos_20260611!$A2,INDEX(result_20260611!$A:$Z,0,MATCH(sum_pos_20260611!B$1,result_20260611!$1:$1,0))) -> 10 | C2: =SUMIF(result_20260611!$B:$B,sum_pos_20260611!$A2,INDEX(result_20260611!$A:$Z,0,MATCH(sum_pos_20260611!C$1,result_20260611!$1:$1,0))) -> 9 | D2: =SUMIF(result_20260611!$B:$B,sum_pos_20260611!$A2,INDEX(result_20260611!$A:$Z,0,MATCH(sum_pos_20260611!D$1,result_20260611!$1:$1,0))) -> 0 | E2: =SUMIF(result_20260611!$B:$B,sum_pos_20260611!$A2,INDEX(result_20260611!$A:$Z,0,MATCH(sum_pos_20260611!E$1,result_20260611!$1:$1,0))) -> 5 | F2: =SUMIF(result_20260611!$B:$B,sum_pos_20260611!$A2,INDEX(result_20260611!$A:$Z,0,MATCH(sum_pos_20260611!F$1,result_20260611!$1:$1,0))) -> 0 | G2: =SUMIF(result_20260611!$B:$B,sum_pos_20260611!$A2,INDEX(result_20260611!$A:$Z,0,MATCH(sum_pos_20260611!G$1,result_20260611!$1:$1,0))) -> 0 | H2: =SUMIF(result_20260611!$B:$B,sum_pos_20260611!$A2,INDEX(result_20260611!$A:$Z,0,MATCH(sum_pos_20260611!H$1,result_20260611!$1:$1,0))) -> 0 | I2: =SUMIF(result_20260611!$B:$B,sum_pos_20260611!$A2,INDEX(result_20260611!$A:$Z,0,MATCH(sum_pos_20260611!I$1,result_20260611!$1:$1,0))) -> 0 | ... N2: =SUMIF(result_20260611!$B:$B,sum_pos_20260611!$A2,INDEX(result_20260611!$A:$Z,0,MATCH(sum_pos_20260611!N$1,result_20260611!$1:$1,0))) -> 6 | O2: =SUM(B2:E2) -> 24 | P2: =SUM(B2:C2)/O2 -> 0.79166667
A3: B | B3: =SUMIF(result_20260611!$B:$B,sum_pos_20260611!$A3,INDEX(result_20260611!$A:$Z,0,MATCH(sum_pos_20260611!B$1,result_20260611!$1:$1,0))) -> 0 | C3: =SUMIF(result_20260611!$B:$B,sum_pos_20260611!$A3,INDEX(result_20260611!$A:$Z,0,MATCH(sum_pos_20260611!C$1,result_20260611!$1:$1,0))) -> 0 | D3: =SUMIF(result_20260611!$B:$B,sum_pos_20260611!$A3,INDEX(result_20260611!$A:$Z,0,MATCH(sum_pos_20260611!D$1,result_20260611!$1:$1,0))) -> 0 | E3: =SUMIF(result_20260611!$B:$B,sum_pos_20260611!$A3,INDEX(result_20260611!$A:$Z,0,MATCH(sum_pos_20260611!E$1,result_20260611!$1:$1,0))) -> 0 | F3: =SUMIF(result_20260611!$B:$B,sum_pos_20260611!$A3,INDEX(result_20260611!$A:$Z,0,MATCH(sum_pos_20260611!F$1,result_20260611!$1:$1,0))) -> 0 | G3: =SUMIF(result_20260611!$B:$B,sum_pos_20260611!$A3,INDEX(result_20260611!$A:$Z,0,MATCH(sum_pos_20260611!G$1,result_20260611!$1:$1,0))) -> 0 | H3: =SUMIF(result_20260611!$B:$B,sum_pos_20260611!$A3,INDEX(result_20260611!$A:$Z,0,MATCH(sum_pos_20260611!H$1,result_20260611!$1:$1,0))) -> 0 | I3: =SUMIF(result_20260611!$B:$B,sum_pos_20260611!$A3,INDEX(result_20260611!$A:$Z,0,MATCH(sum_pos_20260611!I$1,result_20260611!$1:$1,0))) -> 0 | ... N3: =SUMIF(result_20260611!$B:$B,sum_pos_20260611!$A3,INDEX(result_20260611!$A:$Z,0,MATCH(sum_pos_20260611!N$1,result_20260611!$1:$1,0))) -> 0 | O3: =SUM(B3:E3) -> 0 | P3: =SUM(B3:C3)/O3 -> #DIV/0!
A4: C | B4: =SUMIF(result_20260611!$B:$B,sum_pos_20260611!$A4,INDEX(result_20260611!$A:$Z,0,MATCH(sum_pos_20260611!B$1,result_20260611!$1:$1,0))) -> 14 | C4: =SUMIF(result_20260611!$B:$B,sum_pos_20260611!$A4,INDEX(result_20260611!$A:$Z,0,MATCH(sum_pos_20260611!C$1,result_20260611!$1:$1,0))) -> 7 | D4: =SUMIF(result_20260611!$B:$B,sum_pos_20260611!$A4,INDEX(result_20260611!$A:$Z,0,MATCH(sum_pos_20260611!D$1,result_20260611!$1:$1,0))) -> 0 | E4: =SUMIF(result_20260611!$B:$B,sum_pos_20260611!$A4,INDEX(result_20260611!$A:$Z,0,MATCH(sum_pos_20260611!E$1,result_20260611!$1:$1,0))) -> 3 | F4: =SUMIF(result_20260611!$B:$B,sum_pos_20260611!$A4,INDEX(result_20260611!$A:$Z,0,MATCH(sum_pos_20260611!F$1,result_20260611!$1:$1,0))) -> 0 | G4: =SUMIF(result_20260611!$B:$B,sum_pos_20260611!$A4,INDEX(result_20260611!$A:$Z,0,MATCH(sum_pos_20260611!G$1,result_20260611!$1:$1,0))) -> 3 | H4: =SUMIF(result_20260611!$B:$B,sum_pos_20260611!$A4,INDEX(result_20260611!$A:$Z,0,MATCH(sum_pos_20260611!H$1,result_20260611!$1:$1,0))) -> 2 | I4: =SUMIF(result_20260611!$B:$B,sum_pos_20260611!$A4,INDEX(result_20260611!$A:$Z,0,MATCH(sum_pos_20260611!I$1,result_20260611!$1:$1,0))) -> 0 | ... N4: =SUMIF(result_20260611!$B:$B,sum_pos_20260611!$A4,INDEX(result_20260611!$A:$Z,0,MATCH(sum_pos_20260611!N$1,result_20260611!$1:$1,0))) -> 2 | O4: =SUM(B4:E4) -> 24 | P4: =SUM(B4:C4)/O4 -> 0.875
A5: D | B5: =SUMIF(result_20260611!$B:$B,sum_pos_20260611!$A5,INDEX(result_20260611!$A:$Z,0,MATCH(sum_pos_20260611!B$1,result_20260611!$1:$1,0))) -> 9 | C5: =SUMIF(result_20260611!$B:$B,sum_pos_20260611!$A5,INDEX(result_20260611!$A:$Z,0,MATCH(sum_pos_20260611!C$1,result_20260611!$1:$1,0))) -> 10 | D5: =SUMIF(result_20260611!$B:$B,sum_pos_20260611!$A5,INDEX(result_20260611!$A:$Z,0,MATCH(sum_pos_20260611!D$1,result_20260611!$1:$1,0))) -> 0 | E5: =SUMIF(result_20260611!$B:$B,sum_pos_20260611!$A5,INDEX(result_20260611!$A:$Z,0,MATCH(sum_pos_20260611!E$1,result_20260611!$1:$1,0))) -> 5 | F5: =SUMIF(result_20260611!$B:$B,sum_pos_20260611!$A5,INDEX(result_20260611!$A:$Z,0,MATCH(sum_pos_20260611!F$1,result_20260611!$1:$1,0))) -> 0 | G5: =SUMIF(result_20260611!$B:$B,sum_pos_20260611!$A5,INDEX(result_20260611!$A:$Z,0,MATCH(sum_pos_20260611!G$1,result_20260611!$1:$1,0))) -> 0 | H5: =SUMIF(result_20260611!$B:$B,sum_pos_20260611!$A5,INDEX(result_20260611!$A:$Z,0,MATCH(sum_pos_20260611!H$1,result_20260611!$1:$1,0))) -> 3 | I5: =SUMIF(result_20260611!$B:$B,sum_pos_20260611!$A5,INDEX(result_20260611!$A:$Z,0,MATCH(sum_pos_20260611!I$1,result_20260611!$1:$1,0))) -> 0 | ... N5: =SUMIF(result_20260611!$B:$B,sum_pos_20260611!$A5,INDEX(result_20260611!$A:$Z,0,MATCH(sum_pos_20260611!N$1,result_20260611!$1:$1,0))) -> 2 | O5: =SUM(B5:E5) -> 24 | P5: =SUM(B5:C5)/O5 -> 0.79166667
A6: E | B6: =SUMIF(result_20260611!$B:$B,sum_pos_20260611!$A6,INDEX(result_20260611!$A:$Z,0,MATCH(sum_pos_20260611!B$1,result_20260611!$1:$1,0))) -> 0 | C6: =SUMIF(result_20260611!$B:$B,sum_pos_20260611!$A6,INDEX(result_20260611!$A:$Z,0,MATCH(sum_pos_20260611!C$1,result_20260611!$1:$1,0))) -> 0 | D6: =SUMIF(result_20260611!$B:$B,sum_pos_20260611!$A6,INDEX(result_20260611!$A:$Z,0,MATCH(sum_pos_20260611!D$1,result_20260611!$1:$1,0))) -> 0 | E6: =SUMIF(result_20260611!$B:$B,sum_pos_20260611!$A6,INDEX(result_20260611!$A:$Z,0,MATCH(sum_pos_20260611!E$1,result_20260611!$1:$1,0))) -> 0 | F6: =SUMIF(result_20260611!$B:$B,sum_pos_20260611!$A6,INDEX(result_20260611!$A:$Z,0,MATCH(sum_pos_20260611!F$1,result_20260611!$1:$1,0))) -> 0 | G6: =SUMIF(result_20260611!$B:$B,sum_pos_20260611!$A6,INDEX(result_20260611!$A:$Z,0,MATCH(sum_pos_20260611!G$1,result_20260611!$1:$1,0))) -> 0 | H6: =SUMIF(result_20260611!$B:$B,sum_pos_20260611!$A6,INDEX(result_20260611!$A:$Z,0,MATCH(sum_pos_20260611!H$1,result_20260611!$1:$1,0))) -> 0 | I6: =SUMIF(result_20260611!$B:$B,sum_pos_20260611!$A6,INDEX(result_20260611!$A:$Z,0,MATCH(sum_pos_20260611!I$1,result_20260611!$1:$1,0))) -> 0 | ... N6: =SUMIF(result_20260611!$B:$B,sum_pos_20260611!$A6,INDEX(result_20260611!$A:$Z,0,MATCH(sum_pos_20260611!N$1,result_20260611!$1:$1,0))) -> 0 | O6: =SUM(B6:E6) -> 0 | P6: =SUM(B6:C6)/O6 -> #DIV/0!
A7: F | B7: =SUMIF(result_20260611!$B:$B,sum_pos_20260611!$A7,INDEX(result_20260611!$A:$Z,0,MATCH(sum_pos_20260611!B$1,result_20260611!$1:$1,0))) -> 11 | C7: =SUMIF(result_20260611!$B:$B,sum_pos_20260611!$A7,INDEX(result_20260611!$A:$Z,0,MATCH(sum_pos_20260611!C$1,result_20260611!$1:$1,0))) -> 9 | D7: =SUMIF(result_20260611!$B:$B,sum_pos_20260611!$A7,INDEX(result_20260611!$A:$Z,0,MATCH(sum_pos_20260611!D$1,result_20260611!$1:$1,0))) -> 0 | E7: =SUMIF(result_20260611!$B:$B,sum_pos_20260611!$A7,INDEX(result_20260611!$A:$Z,0,MATCH(sum_pos_20260611!E$1,result_20260611!$1:$1,0))) -> 4 | F7: =SUMIF(result_20260611!$B:$B,sum_pos_20260611!$A7,INDEX(result_20260611!$A:$Z,0,MATCH(sum_pos_20260611!F$1,result_20260611!$1:$1,0))) -> 0 | G7: =SUMIF(result_20260611!$B:$B,sum_pos_20260611!$A7,INDEX(result_20260611!$A:$Z,0,MATCH(sum_pos_20260611!G$1,result_20260611!$1:$1,0))) -> 0 | H7: =SUMIF(result_20260611!$B:$B,sum_pos_20260611!$A7,INDEX(result_20260611!$A:$Z,0,MATCH(sum_pos_20260611!H$1,result_20260611!$1:$1,0))) -> 3 | I7: =SUMIF(result_20260611!$B:$B,sum_pos_20260611!$A7,INDEX(result_20260611!$A:$Z,0,MATCH(sum_pos_20260611!I$1,result_20260611!$1:$1,0))) -> 0 | ... N7: =SUMIF(result_20260611!$B:$B,sum_pos_20260611!$A7,INDEX(result_20260611!$A:$Z,0,MATCH(sum_pos_20260611!N$1,result_20260611!$1:$1,0))) -> 1 | O7: =SUM(B7:E7) -> 24 | P7: =SUM(B7:C7)/O7 -> 0.83333333
A8: G | B8: =SUMIF(result_20260611!$B:$B,sum_pos_20260611!$A8,INDEX(result_20260611!$A:$Z,0,MATCH(sum_pos_20260611!B$1,result_20260611!$1:$1,0))) -> 4 | C8: =SUMIF(result_20260611!$B:$B,sum_pos_20260611!$A8,INDEX(result_20260611!$A:$Z,0,MATCH(sum_pos_20260611!C$1,result_20260611!$1:$1,0))) -> 12 | D8: =SUMIF(result_20260611!$B:$B,sum_pos_20260611!$A8,INDEX(result_20260611!$A:$Z,0,MATCH(sum_pos_20260611!D$1,result_20260611!$1:$1,0))) -> 0 | E8: =SUMIF(result_20260611!$B:$B,sum_pos_20260611!$A8,INDEX(result_20260611!$A:$Z,0,MATCH(sum_pos_20260611!E$1,result_20260611!$1:$1,0))) -> 8 | F8: =SUMIF(result_20260611!$B:$B,sum_pos_20260611!$A8,INDEX(result_20260611!$A:$Z,0,MATCH(sum_pos_20260611!F$1,result_20260611!$1:$1,0))) -> 0 | G8: =SUMIF(result_20260611!$B:$B,sum_pos_20260611!$A8,INDEX(result_20260611!$A:$Z,0,MATCH(sum_pos_20260611!G$1,result_20260611!$1:$1,0))) -> 1 | H8: =SUMIF(result_20260611!$B:$B,sum_pos_20260611!$A8,INDEX(result_20260611!$A:$Z,0,MATCH(sum_pos_20260611!H$1,result_20260611!$1:$1,0))) -> 6 | I8: =SUMIF(result_20260611!$B:$B,sum_pos_20260611!$A8,INDEX(result_20260611!$A:$Z,0,MATCH(sum_pos_20260611!I$1,result_20260611!$1:$1,0))) -> 1 | ... N8: =SUMIF(result_20260611!$B:$B,sum_pos_20260611!$A8,INDEX(result_20260611!$A:$Z,0,MATCH(sum_pos_20260611!N$1,result_20260611!$1:$1,0))) -> 1 | O8: =SUM(B8:E8) -> 24 | P8: =SUM(B8:C8)/O8 -> 0.66666667
A9: H | B9: =SUMIF(result_20260611!$B:$B,sum_pos_20260611!$A9,INDEX(result_20260611!$A:$Z,0,MATCH(sum_pos_20260611!B$1,result_20260611!$1:$1,0))) -> 0 | C9: =SUMIF(result_20260611!$B:$B,sum_pos_20260611!$A9,INDEX(result_20260611!$A:$Z,0,MATCH(sum_pos_20260611!C$1,result_20260611!$1:$1,0))) -> 0 | D9: =SUMIF(result_20260611!$B:$B,sum_pos_20260611!$A9,INDEX(result_20260611!$A:$Z,0,MATCH(sum_pos_20260611!D$1,result_20260611!$1:$1,0))) -> 0 | E9: =SUMIF(result_20260611!$B:$B,sum_pos_20260611!$A9,INDEX(result_20260611!$A:$Z,0,MATCH(sum_pos_20260611!E$1,result_20260611!$1:$1,0))) -> 0 | F9: =SUMIF(result_20260611!$B:$B,sum_pos_20260611!$A9,INDEX(result_20260611!$A:$Z,0,MATCH(sum_pos_20260611!F$1,result_20260611!$1:$1,0))) -> 0 | G9: =SUMIF(result_20260611!$B:$B,sum_pos_20260611!$A9,INDEX(result_20260611!$A:$Z,0,MATCH(sum_pos_20260611!G$1,result_20260611!$1:$1,0))) -> 0 | H9: =SUMIF(result_20260611!$B:$B,sum_pos_20260611!$A9,INDEX(result_20260611!$A:$Z,0,MATCH(sum_pos_20260611!H$1,result_20260611!$1:$1,0))) -> 0 | I9: =SUMIF(result_20260611!$B:$B,sum_pos_20260611!$A9,INDEX(result_20260611!$A:$Z,0,MATCH(sum_pos_20260611!I$1,result_20260611!$1:$1,0))) -> 0 | ... N9: =SUMIF(result_20260611!$B:$B,sum_pos_20260611!$A9,INDEX(result_20260611!$A:$Z,0,MATCH(sum_pos_20260611!N$1,result_20260611!$1:$1,0))) -> 0 | O9: =SUM(B9:E9) -> 0 | P9: =SUM(B9:C9)/O9 -> #DIV/0!
A10: I | B10: =SUMIF(result_20260611!$B:$B,sum_pos_20260611!$A10,INDEX(result_20260611!$A:$Z,0,MATCH(sum_pos_20260611!B$1,result_20260611!$1:$1,0))) -> 6 | C10: =SUMIF(result_20260611!$B:$B,sum_pos_20260611!$A10,INDEX(result_20260611!$A:$Z,0,MATCH(sum_pos_20260611!C$1,result_20260611!$1:$1,0))) -> 10 | D10: =SUMIF(result_20260611!$B:$B,sum_pos_20260611!$A10,INDEX(result_20260611!$A:$Z,0,MATCH(sum_pos_20260611!D$1,result_20260611!$1:$1,0))) -> 0 | E10: =SUMIF(result_20260611!$B:$B,sum_pos_20260611!$A10,INDEX(result_20260611!$A:$Z,0,MATCH(sum_pos_20260611!E$1,result_20260611!$1:$1,0))) -> 8 | F10: =SUMIF(result_20260611!$B:$B,sum_pos_20260611!$A10,INDEX(result_20260611!$A:$Z,0,MATCH(sum_pos_20260611!F$1,result_20260611!$1:$1,0))) -> 0 | G10: =SUMIF(result_20260611!$B:$B,sum_pos_20260611!$A10,INDEX(result_20260611!$A:$Z,0,MATCH(sum_pos_20260611!G$1,result_20260611!$1:$1,0))) -> 3 | H10: =SUMIF(result_20260611!$B:$B,sum_pos_20260611!$A10,INDEX(result_20260611!$A:$Z,0,MATCH(sum_pos_20260611!H$1,result_20260611!$1:$1,0))) -> 1 | I10: =SUMIF(result_20260611!$B:$B,sum_pos_20260611!$A10,INDEX(result_20260611!$A:$Z,0,MATCH(sum_pos_20260611!I$1,result_20260611!$1:$1,0))) -> 0 | ... N10: =SUMIF(result_20260611!$B:$B,sum_pos_20260611!$A10,INDEX(result_20260611!$A:$Z,0,MATCH(sum_pos_20260611!N$1,result_20260611!$1:$1,0))) -> 4 | O10: =SUM(B10:E10) -> 24 | P10: =SUM(B10:C10)/O10 -> 0.66666667
A11: SUM | B11: =SUM(B2:B10) -> 54 | C11: =SUM(C2:C10) -> 57 | D11: =SUM(D2:D10) -> 0 | E11: =SUM(E2:E10) -> 33 | F11: =SUM(F2:F10) -> 0 | G11: =SUM(G2:G10) -> 7 | H11: =SUM(H2:H10) -> 15 | I11: =SUM(I2:I10) -> 1 | ... O11: =SUM(O2:O10) -> 144 | P11: =SUM(B11+C11)/O11 -> 0.77083333
A13: Excluding Pos. B, E, H
A14: Position | B14: Success | C14: Success after intervention | D14: Success if further action were taken | E14: Failed | F14: Grasp point not good, potential failure | G14: No poses generated | H14: Grasp too close to the object | I14: Grasp too loose | J14: Grasp point too low, placement distant from holder | K14: Grasp in opposite direction | L14: Possible collision between links | M14: Grasp aborted due to joint limits | N14: Object not face out after placement | O14: Trials | P14: Success rate(S+PS)
A15: A | B15: =SUMIF(result_20260611!$B:$B,sum_pos_20260611!$A15,INDEX(result_20260611!$A:$Z,0,MATCH(sum_pos_20260611!B$1,result_20260611!$1:$1,0))) -> 10 | C15: =SUMIF(result_20260611!$B:$B,sum_pos_20260611!$A15,INDEX(result_20260611!$A:$Z,0,MATCH(sum_pos_20260611!C$1,result_20260611!$1:$1,0))) -> 9 | D15: =SUMIF(result_20260611!$B:$B,sum_pos_20260611!$A15,INDEX(result_20260611!$A:$Z,0,MATCH(sum_pos_20260611!D$1,result_20260611!$1:$1,0))) -> 0 | E15: =SUMIF(result_20260611!$B:$B,sum_pos_20260611!$A15,INDEX(result_20260611!$A:$Z,0,MATCH(sum_pos_20260611!E$1,result_20260611!$1:$1,0))) -> 5 | F15: =SUMIF(result_20260611!$B:$B,sum_pos_20260611!$A15,INDEX(result_20260611!$A:$Z,0,MATCH(sum_pos_20260611!F$1,result_20260611!$1:$1,0))) -> 0 | G15: =SUMIF(result_20260611!$B:$B,sum_pos_20260611!$A15,INDEX(result_20260611!$A:$Z,0,MATCH(sum_pos_20260611!G$1,result_20260611!$1:$1,0))) -> 0 | H15: =SUMIF(result_20260611!$B:$B,sum_pos_20260611!$A15,INDEX(result_20260611!$A:$Z,0,MATCH(sum_pos_20260611!H$1,result_20260611!$1:$1,0))) -> 0 | I15: =SUMIF(result_20260611!$B:$B,sum_pos_20260611!$A15,INDEX(result_20260611!$A:$Z,0,MATCH(sum_pos_20260611!I$1,result_20260611!$1:$1,0))) -> 0 | ... N15: =SUMIF(result_20260611!$B:$B,sum_pos_20260611!$A15,INDEX(result_20260611!$A:$Z,0,MATCH(sum_pos_20260611!N$1,result_20260611!$1:$1,0))) -> 6 | O15: =SUM(B15:E15) -> 24 | P15: =SUM(B15:C15)/O15 -> 0.79166667
A16: C | B16: =SUMIF(result_20260611!$B:$B,sum_pos_20260611!$A16,INDEX(result_20260611!$A:$Z,0,MATCH(sum_pos_20260611!B$1,result_20260611!$1:$1,0))) -> 14 | C16: =SUMIF(result_20260611!$B:$B,sum_pos_20260611!$A16,INDEX(result_20260611!$A:$Z,0,MATCH(sum_pos_20260611!C$1,result_20260611!$1:$1,0))) -> 7 | D16: =SUMIF(result_20260611!$B:$B,sum_pos_20260611!$A16,INDEX(result_20260611!$A:$Z,0,MATCH(sum_pos_20260611!D$1,result_20260611!$1:$1,0))) -> 0 | E16: =SUMIF(result_20260611!$B:$B,sum_pos_20260611!$A16,INDEX(result_20260611!$A:$Z,0,MATCH(sum_pos_20260611!E$1,result_20260611!$1:$1,0))) -> 3 | F16: =SUMIF(result_20260611!$B:$B,sum_pos_20260611!$A16,INDEX(result_20260611!$A:$Z,0,MATCH(sum_pos_20260611!F$1,result_20260611!$1:$1,0))) -> 0 | G16: =SUMIF(result_20260611!$B:$B,sum_pos_20260611!$A16,INDEX(result_20260611!$A:$Z,0,MATCH(sum_pos_20260611!G$1,result_20260611!$1:$1,0))) -> 3 | H16: =SUMIF(result_20260611!$B:$B,sum_pos_20260611!$A16,INDEX(result_20260611!$A:$Z,0,MATCH(sum_pos_20260611!H$1,result_20260611!$1:$1,0))) -> 2 | I16: =SUMIF(result_20260611!$B:$B,sum_pos_20260611!$A16,INDEX(result_20260611!$A:$Z,0,MATCH(sum_pos_20260611!I$1,result_20260611!$1:$1,0))) -> 0 | ... N16: =SUMIF(result_20260611!$B:$B,sum_pos_20260611!$A16,INDEX(result_20260611!$A:$Z,0,MATCH(sum_pos_20260611!N$1,result_20260611!$1:$1,0))) -> 2 | O16: =SUM(B16:E16) -> 24 | P16: =SUM(B16:C16)/O16 -> 0.875
A17: D | B17: =SUMIF(result_20260611!$B:$B,sum_pos_20260611!$A17,INDEX(result_20260611!$A:$Z,0,MATCH(sum_pos_20260611!B$1,result_20260611!$1:$1,0))) -> 9 | C17: =SUMIF(result_20260611!$B:$B,sum_pos_20260611!$A17,INDEX(result_20260611!$A:$Z,0,MATCH(sum_pos_20260611!C$1,result_20260611!$1:$1,0))) -> 10 | D17: =SUMIF(result_20260611!$B:$B,sum_pos_20260611!$A17,INDEX(result_20260611!$A:$Z,0,MATCH(sum_pos_20260611!D$1,result_20260611!$1:$1,0))) -> 0 | E17: =SUMIF(result_20260611!$B:$B,sum_pos_20260611!$A17,INDEX(result_20260611!$A:$Z,0,MATCH(sum_pos_20260611!E$1,result_20260611!$1:$1,0))) -> 5 | F17: =SUMIF(result_20260611!$B:$B,sum_pos_20260611!$A17,INDEX(result_20260611!$A:$Z,0,MATCH(sum_pos_20260611!F$1,result_20260611!$1:$1,0))) -> 0 | G17: =SUMIF(result_20260611!$B:$B,sum_pos_20260611!$A17,INDEX(result_20260611!$A:$Z,0,MATCH(sum_pos_20260611!G$1,result_20260611!$1:$1,0))) -> 0 | H17: =SUMIF(result_20260611!$B:$B,sum_pos_20260611!$A17,INDEX(result_20260611!$A:$Z,0,MATCH(sum_pos_20260611!H$1,result_20260611!$1:$1,0))) -> 3 | I17: =SUMIF(result_20260611!$B:$B,sum_pos_20260611!$A17,INDEX(result_20260611!$A:$Z,0,MATCH(sum_pos_20260611!I$1,result_20260611!$1:$1,0))) -> 0 | ... N17: =SUMIF(result_20260611!$B:$B,sum_pos_20260611!$A17,INDEX(result_20260611!$A:$Z,0,MATCH(sum_pos_20260611!N$1,result_20260611!$1:$1,0))) -> 2 | O17: =SUM(B17:E17) -> 24 | P17: =SUM(B17:C17)/O17 -> 0.79166667
A18: F | B18: =SUMIF(result_20260611!$B:$B,sum_pos_20260611!$A18,INDEX(result_20260611!$A:$Z,0,MATCH(sum_pos_20260611!B$1,result_20260611!$1:$1,0))) -> 11 | C18: =SUMIF(result_20260611!$B:$B,sum_pos_20260611!$A18,INDEX(result_20260611!$A:$Z,0,MATCH(sum_pos_20260611!C$1,result_20260611!$1:$1,0))) -> 9 | D18: =SUMIF(result_20260611!$B:$B,sum_pos_20260611!$A18,INDEX(result_20260611!$A:$Z,0,MATCH(sum_pos_20260611!D$1,result_20260611!$1:$1,0))) -> 0 | E18: =SUMIF(result_20260611!$B:$B,sum_pos_20260611!$A18,INDEX(result_20260611!$A:$Z,0,MATCH(sum_pos_20260611!E$1,result_20260611!$1:$1,0))) -> 4 | F18: =SUMIF(result_20260611!$B:$B,sum_pos_20260611!$A18,INDEX(result_20260611!$A:$Z,0,MATCH(sum_pos_20260611!F$1,result_20260611!$1:$1,0))) -> 0 | G18: =SUMIF(result_20260611!$B:$B,sum_pos_20260611!$A18,INDEX(result_20260611!$A:$Z,0,MATCH(sum_pos_20260611!G$1,result_20260611!$1:$1,0))) -> 0 | H18: =SUMIF(result_20260611!$B:$B,sum_pos_20260611!$A18,INDEX(result_20260611!$A:$Z,0,MATCH(sum_pos_20260611!H$1,result_20260611!$1:$1,0))) -> 3 | I18: =SUMIF(result_20260611!$B:$B,sum_pos_20260611!$A18,INDEX(result_20260611!$A:$Z,0,MATCH(sum_pos_20260611!I$1,result_20260611!$1:$1,0))) -> 0 | ... N18: =SUMIF(result_20260611!$B:$B,sum_pos_20260611!$A18,INDEX(result_20260611!$A:$Z,0,MATCH(sum_pos_20260611!N$1,result_20260611!$1:$1,0))) -> 1 | O18: =SUM(B18:E18) -> 24 | P18: =SUM(B18:C18)/O18 -> 0.83333333
A19: G | B19: =SUMIF(result_20260611!$B:$B,sum_pos_20260611!$A19,INDEX(result_20260611!$A:$Z,0,MATCH(sum_pos_20260611!B$1,result_20260611!$1:$1,0))) -> 4 | C19: =SUMIF(result_20260611!$B:$B,sum_pos_20260611!$A19,INDEX(result_20260611!$A:$Z,0,MATCH(sum_pos_20260611!C$1,result_20260611!$1:$1,0))) -> 12 | D19: =SUMIF(result_20260611!$B:$B,sum_pos_20260611!$A19,INDEX(result_20260611!$A:$Z,0,MATCH(sum_pos_20260611!D$1,result_20260611!$1:$1,0))) -> 0 | E19: =SUMIF(result_20260611!$B:$B,sum_pos_20260611!$A19,INDEX(result_20260611!$A:$Z,0,MATCH(sum_pos_20260611!E$1,result_20260611!$1:$1,0))) -> 8 | F19: =SUMIF(result_20260611!$B:$B,sum_pos_20260611!$A19,INDEX(result_20260611!$A:$Z,0,MATCH(sum_pos_20260611!F$1,result_20260611!$1:$1,0))) -> 0 | G19: =SUMIF(result_20260611!$B:$B,sum_pos_20260611!$A19,INDEX(result_20260611!$A:$Z,0,MATCH(sum_pos_20260611!G$1,result_20260611!$1:$1,0))) -> 1 | H19: =SUMIF(result_20260611!$B:$B,sum_pos_20260611!$A19,INDEX(result_20260611!$A:$Z,0,MATCH(sum_pos_20260611!H$1,result_20260611!$1:$1,0))) -> 6 | I19: =SUMIF(result_20260611!$B:$B,sum_pos_20260611!$A19,INDEX(result_20260611!$A:$Z,0,MATCH(sum_pos_20260611!I$1,result_20260611!$1:$1,0))) -> 1 | ... N19: =SUMIF(result_20260611!$B:$B,sum_pos_20260611!$A19,INDEX(result_20260611!$A:$Z,0,MATCH(sum_pos_20260611!N$1,result_20260611!$1:$1,0))) -> 1 | O19: =SUM(B19:E19) -> 24 | P19: =SUM(B19:C19)/O19 -> 0.66666667
A20: I | B20: =SUMIF(result_20260611!$B:$B,sum_pos_20260611!$A20,INDEX(result_20260611!$A:$Z,0,MATCH(sum_pos_20260611!B$1,result_20260611!$1:$1,0))) -> 6 | C20: =SUMIF(result_20260611!$B:$B,sum_pos_20260611!$A20,INDEX(result_20260611!$A:$Z,0,MATCH(sum_pos_20260611!C$1,result_20260611!$1:$1,0))) -> 10 | D20: =SUMIF(result_20260611!$B:$B,sum_pos_20260611!$A20,INDEX(result_20260611!$A:$Z,0,MATCH(sum_pos_20260611!D$1,result_20260611!$1:$1,0))) -> 0 | E20: =SUMIF(result_20260611!$B:$B,sum_pos_20260611!$A20,INDEX(result_20260611!$A:$Z,0,MATCH(sum_pos_20260611!E$1,result_20260611!$1:$1,0))) -> 8 | F20: =SUMIF(result_20260611!$B:$B,sum_pos_20260611!$A20,INDEX(result_20260611!$A:$Z,0,MATCH(sum_pos_20260611!F$1,result_20260611!$1:$1,0))) -> 0 | G20: =SUMIF(result_20260611!$B:$B,sum_pos_20260611!$A20,INDEX(result_20260611!$A:$Z,0,MATCH(sum_pos_20260611!G$1,result_20260611!$1:$1,0))) -> 3 | H20: =SUMIF(result_20260611!$B:$B,sum_pos_20260611!$A20,INDEX(result_20260611!$A:$Z,0,MATCH(sum_pos_20260611!H$1,result_20260611!$1:$1,0))) -> 1 | I20: =SUMIF(result_20260611!$B:$B,sum_pos_20260611!$A20,INDEX(result_20260611!$A:$Z,0,MATCH(sum_pos_20260611!I$1,result_20260611!$1:$1,0))) -> 0 | ... N20: =SUMIF(result_20260611!$B:$B,sum_pos_20260611!$A20,INDEX(result_20260611!$A:$Z,0,MATCH(sum_pos_20260611!N$1,result_20260611!$1:$1,0))) -> 4 | O20: =SUM(B20:E20) -> 24 | P20: =SUM(B20:C20)/O20 -> 0.66666667
A21: SUM | B21: =SUM(B15:B20) -> 54 | C21: =SUM(C15:C20) -> 57 | D21: =SUM(D15:D20) -> 0 | E21: =SUM(E15:E20) -> 33 | F21: =SUM(F15:F20) -> 0 | G21: =SUM(G15:G20) -> 7 | H21: =SUM(H15:H20) -> 15 | I21: =SUM(I15:I20) -> 1 | ... O21: =SUM(O15:O20) -> 144 | P21: =SUM(B21+C21)/O21 -> 0.77083333

Sheet sum_fail_20260611
A1: Failure reason | B1: Count | C1: Percentage | F1: Orientation | G1: sum | H1: F1 | I1: F2 | J1: F3 | K1: F4 | L1: F5 | M1: F1/% | N1: F2/% | O1: F3/% | P1: F4/% | Q1: F5/% | R1: Dominant
A2: Grasp too loose | B2: =result_20260611!I146 -> 1 | C2: =B2/$B$20 -> 0.011111111 | F2: 1 | G2: {=SUMPRODUCT((result_20260611!$A$2:$A$182=sum_fail_20260611!$F2)*result_20260611!$I$2:$Q$182)} -> 7 | H2: {=SUMPRODUCT((result_20260611!$A$2:$A$182=sum_fail_20260611!$F2)*result_20260611!$I$2:$I$182)} -> 1 | I2: {=SUMPRODUCT((result_20260611!$A$2:$A$182=sum_fail_20260611!$F2)*result_20260611!$J$2:$J$182)} -> 0 | J2: {=SUMPRODUCT((result_20260611!$A$2:$A$182=sum_fail_20260611!$F2)*result_20260611!$K$2:$L$182)} -> 0 | K2: {=SUMPRODUCT((result_20260611!$A$2:$A$182=sum_fail_20260611!$F2)*result_20260611!$M$2:$M$182)} -> 0 | L2: {=SUMPRODUCT((result_20260611!$A$2:$A$182=sum_fail_20260611!$F2)*result_20260611!$N$2:$Q$182)} -> 6 | M2: =H2/$G2 -> 0.14285714 | N2: =I2/$G2 -> 0 | O2: =J2/$G2 -> 0 | P2: =K2/$G2 -> 0 | Q2: =L2/$G2 -> 0.85714286 | R2: F5
A3: No poses generated | B3: =result_20260611!J146 -> 7 | C3: =B3/$B$20 -> 0.077777778 | F3: 2 | G3: {=SUMPRODUCT((result_20260611!$A$2:$A$182=sum_fail_20260611!$F3)*result_20260611!$I$2:$Q$182)} -> 18 | H3: {=SUMPRODUCT((result_20260611!$A$2:$A$182=sum_fail_20260611!$F3)*result_20260611!$I$2:$I$182)} -> 0 | I3: {=SUMPRODUCT((result_20260611!$A$2:$A$182=sum_fail_20260611!$F3)*result_20260611!$J$2:$J$182)} -> 0 | J3: {=SUMPRODUCT((result_20260611!$A$2:$A$182=sum_fail_20260611!$F3)*result_20260611!$K$2:$L$182)} -> 0 | K3: {=SUMPRODUCT((result_20260611!$A$2:$A$182=sum_fail_20260611!$F3)*result_20260611!$M$2:$M$182)} -> 0 | L3: {=SUMPRODUCT((result_20260611!$A$2:$A$182=sum_fail_20260611!$F3)*result_20260611!$N$2:$Q$182)} -> 18 | M3: =H3/$G3 -> 0 | N3: =I3/$G3 -> 0 | O3: =J3/$G3 -> 0 | P3: =K3/$G3 -> 0 | Q3: =L3/$G3 -> 1 | R3: F5
A4: Possible collision between links | B4: =result_20260611!K146 -> 11 | C4: =B4/$B$20 -> 0.12222222 | F4: 3 | G4: {=SUMPRODUCT((result_20260611!$A$2:$A$182=sum_fail_20260611!$F4)*result_20260611!$I$2:$Q$182)} -> 18 | H4: {=SUMPRODUCT((result_20260611!$A$2:$A$182=sum_fail_20260611!$F4)*result_20260611!$I$2:$I$182)} -> 0 | I4: {=SUMPRODUCT((result_20260611!$A$2:$A$182=sum_fail_20260611!$F4)*result_20260611!$J$2:$J$182)} -> 3 | J4: {=SUMPRODUCT((result_20260611!$A$2:$A$182=sum_fail_20260611!$F4)*result_20260611!$K$2:$L$182)} -> 15 | K4: {=SUMPRODUCT((result_20260611!$A$2:$A$182=sum_fail_20260611!$F4)*result_20260611!$M$2:$M$182)} -> 0 | L4: {=SUMPRODUCT((result_20260611!$A$2:$A$182=sum_fail_20260611!$F4)*result_20260611!$N$2:$Q$182)} -> 0 | M4: =H4/$G4 -> 0 | N4: =I4/$G4 -> 0.16666667 | O4: =J4/$G4 -> 0.83333333 | P4: =K4/$G4 -> 0 | Q4: =L4/$G4 -> 0 | R4: F3
A5: Grasp aborted due to joint limits | B5: =result_20260611!L146 -> 14 | C5: =B5/$B$20 -> 0.15555556 | F5: 4 | G5: {=SUMPRODUCT((result_20260611!$A$2:$A$182=sum_fail_20260611!$F5)*result_20260611!$I$2:$Q$182)} -> 8 | H5: {=SUMPRODUCT((result_20260611!$A$2:$A$182=sum_fail_20260611!$F5)*result_20260611!$I$2:$I$182)} -> 0 | I5: {=SUMPRODUCT((result_20260611!$A$2:$A$182=sum_fail_20260611!$F5)*result_20260611!$J$2:$J$182)} -> 2 | J5: {=SUMPRODUCT((result_20260611!$A$2:$A$182=sum_fail_20260611!$F5)*result_20260611!$K$2:$L$182)} -> 1 | K5: {=SUMPRODUCT((result_20260611!$A$2:$A$182=sum_fail_20260611!$F5)*result_20260611!$M$2:$M$182)} -> 0 | L5: {=SUMPRODUCT((result_20260611!$A$2:$A$182=sum_fail_20260611!$F5)*result_20260611!$N$2:$Q$182)} -> 5 | M5: =H5/$G5 -> 0 | N5: =I5/$G5 -> 0.25 | O5: =J5/$G5 -> 0.125 | P5: =K5/$G5 -> 0 | Q5: =L5/$G5 -> 0.625 | R5: F5
A6: Grasp in opposite direction | B6: =result_20260611!M146 -> 0 | C6: =B6/$B$20 -> 0 | F6: 5 | G6: {=SUMPRODUCT((result_20260611!$A$2:$A$182=sum_fail_20260611!$F6)*result_20260611!$I$2:$Q$182)} -> 5 | H6: {=SUMPRODUCT((result_20260611!$A$2:$A$182=sum_fail_20260611!$F6)*result_20260611!$I$2:$I$182)} -> 0 | I6: {=SUMPRODUCT((result_20260611!$A$2:$A$182=sum_fail_20260611!$F6)*result_20260611!$J$2:$J$182)} -> 1 | J6: {=SUMPRODUCT((result_20260611!$A$2:$A$182=sum_fail_20260611!$F6)*result_20260611!$K$2:$L$182)} -> 0 | K6: {=SUMPRODUCT((result_20260611!$A$2:$A$182=sum_fail_20260611!$F6)*result_20260611!$M$2:$M$182)} -> 0 | L6: {=SUMPRODUCT((result_20260611!$A$2:$A$182=sum_fail_20260611!$F6)*result_20260611!$N$2:$Q$182)} -> 4 | M6: =H6/$G6 -> 0 | N6: =I6/$G6 -> 0.2 | O6: =J6/$G6 -> 0 | P6: =K6/$G6 -> 0 | Q6: =L6/$G6 -> 0.8 | R6: F5
A7: Grasp point not good, potential failure | B7: =result_20260611!N146 -> 0 | C7: =B7/$B$20 -> 0 | F7: 6 | G7: {=SUMPRODUCT((result_20260611!$A$2:$A$182=sum_fail_20260611!$F7)*result_20260611!$I$2:$Q$182)} -> 6 | H7: {=SUMPRODUCT((result_20260611!$A$2:$A$182=sum_fail_20260611!$F7)*result_20260611!$I$2:$I$182)} -> 0 | I7: {=SUMPRODUCT((result_20260611!$A$2:$A$182=sum_fail_20260611!$F7)*result_20260611!$J$2:$J$182)} -> 0 | J7: {=SUMPRODUCT((result_20260611!$A$2:$A$182=sum_fail_20260611!$F7)*result_20260611!$K$2:$L$182)} -> 0 | K7: {=SUMPRODUCT((result_20260611!$A$2:$A$182=sum_fail_20260611!$F7)*result_20260611!$M$2:$M$182)} -> 0 | L7: {=SUMPRODUCT((result_20260611!$A$2:$A$182=sum_fail_20260611!$F7)*result_20260611!$N$2:$Q$182)} -> 6 | M7: =H7/$G7 -> 0 | N7: =I7/$G7 -> 0 | O7: =J7/$G7 -> 0 | P7: =K7/$G7 -> 0 | Q7: =L7/$G7 -> 1 | R7: F5
A8: Grasp too close to the object | B8: =result_20260611!O146 -> 15 | C8: =B8/$B$20 -> 0.16666667 | F8: 7 | G8: {=SUMPRODUCT((result_20260611!$A$2:$A$182=sum_fail_20260611!$F8)*result_20260611!$I$2:$Q$182)} -> 12 | H8: {=SUMPRODUCT((result_20260611!$A$2:$A$182=sum_fail_20260611!$F8)*result_20260611!$I$2:$I$182)} -> 0 | I8: {=SUMPRODUCT((result_20260611!$A$2:$A$182=sum_fail_20260611!$F8)*result_20260611!$J$2:$J$182)} -> 0 | J8: {=SUMPRODUCT((result_20260611!$A$2:$A$182=sum_fail_20260611!$F8)*result_20260611!$K$2:$L$182)} -> 9 | K8: {=SUMPRODUCT((result_20260611!$A$2:$A$182=sum_fail_20260611!$F8)*result_20260611!$M$2:$M$182)} -> 0 | L8: {=SUMPRODUCT((result_20260611!$A$2:$A$182=sum_fail_20260611!$F8)*result_20260611!$N$2:$Q$182)} -> 3 | M8: =H8/$G8 -> 0 | N8: =I8/$G8 -> 0 | O8: =J8/$G8 -> 0.75 | P8: =K8/$G8 -> 0 | Q8: =L8/$G8 -> 0.25 | R8: F3
A9: Grasp point too low, placement distant from holder | B9: =result_20260611!P146 -> 26 | C9: =B9/$B$20 -> 0.28888889 | F9: 8 | G9: {=SUMPRODUCT((result_20260611!$A$2:$A$182=sum_fail_20260611!$F9)*result_20260611!$I$2:$Q$182)} -> 16 | H9: {=SUMPRODUCT((result_20260611!$A$2:$A$182=sum_fail_20260611!$F9)*result_20260611!$I$2:$I$182)} -> 0 | I9: {=SUMPRODUCT((result_20260611!$A$2:$A$182=sum_fail_20260611!$F9)*result_20260611!$J$2:$J$182)} -> 1 | J9: {=SUMPRODUCT((result_20260611!$A$2:$A$182=sum_fail_20260611!$F9)*result_20260611!$K$2:$L$182)} -> 0 | K9: {=SUMPRODUCT((result_20260611!$A$2:$A$182=sum_fail_20260611!$F9)*result_20260611!$M$2:$M$182)} -> 0 | L9: {=SUMPRODUCT((result_20260611!$A$2:$A$182=sum_fail_20260611!$F9)*result_20260611!$N$2:$Q$182)} -> 15 | M9: =H9/$G9 -> 0 | N9: =I9/$G9 -> 0.0625 | O9: =J9/$G9 -> 0 | P9: =K9/$G9 -> 0 | Q9: =L9/$G9 -> 0.9375 | R9: F5
A10: Object not face out after placement | B10: =result_20260611!Q146 -> 16 | C10: =B10/$B$20 -> 0.17777778 | G10: =SUM(G2:G9) -> 90 | H10: =SUM(H2:H9) -> 1 | I10: =SUM(I2:I9) -> 7 | J10: =SUM(J2:J9) -> 25 | K10: =SUM(K2:K9) -> 0 | L10: =SUM(L2:L9) -> 57
F12: Position | G12: sum | H12: F1 | I12: F2 | J12: F3 | K12: F4 | L12: F5
F13: A | G13: {=SUMPRODUCT((result_20260611!$B$2:$B$182=sum_fail_20260611!$F13)*result_20260611!$I$2:$Q$182)} -> 14 | H13: {=SUMPRODUCT((result_20260611!$B$2:$B$182=sum_fail_20260611!$F13)*result_20260611!$I$2:$I$182)} -> 0 | I13: {=SUMPRODUCT((result_20260611!$B$2:$B$182=sum_fail_20260611!$F13)*result_20260611!$J$2:$J$182)} -> 0 | J13: {=SUMPRODUCT((result_20260611!$B$2:$B$182=sum_fail_20260611!$F13)*result_20260611!$K$2:$L$182)} -> 5 | K13: {=SUMPRODUCT((result_20260611!$B$2:$B$182=sum_fail_20260611!$F13)*result_20260611!$M$2:$M$182)} -> 0 | L13: {=SUMPRODUCT((result_20260611!$B$2:$B$182=sum_fail_20260611!$F13)*result_20260611!$N$2:$Q$182)} -> 9
A14: Success | B14: =result_20260611!E146 -> 54 | F14: C | G14: {=SUMPRODUCT((result_20260611!$B$2:$B$182=sum_fail_20260611!$F14)*result_20260611!$I$2:$Q$182)} -> 10 | H14: {=SUMPRODUCT((result_20260611!$B$2:$B$182=sum_fail_20260611!$F14)*result_20260611!$I$2:$I$182)} -> 0 | I14: {=SUMPRODUCT((result_20260611!$B$2:$B$182=sum_fail_20260611!$F14)*result_20260611!$J$2:$J$182)} -> 3 | J14: {=SUMPRODUCT((result_20260611!$B$2:$B$182=sum_fail_20260611!$F14)*result_20260611!$K$2:$L$182)} -> 0 | K14: {=SUMPRODUCT((result_20260611!$B$2:$B$182=sum_fail_20260611!$F14)*result_20260611!$M$2:$M$182)} -> 0 | L14: {=SUMPRODUCT((result_20260611!$B$2:$B$182=sum_fail_20260611!$F14)*result_20260611!$N$2:$Q$182)} -> 7
A15: Success after intervention | B15: =result_20260611!F146 -> 57 | F15: D | G15: {=SUMPRODUCT((result_20260611!$B$2:$B$182=sum_fail_20260611!$F15)*result_20260611!$I$2:$Q$182)} -> 15 | H15: {=SUMPRODUCT((result_20260611!$B$2:$B$182=sum_fail_20260611!$F15)*result_20260611!$I$2:$I$182)} -> 0 | I15: {=SUMPRODUCT((result_20260611!$B$2:$B$182=sum_fail_20260611!$F15)*result_20260611!$J$2:$J$182)} -> 0 | J15: {=SUMPRODUCT((result_20260611!$B$2:$B$182=sum_fail_20260611!$F15)*result_20260611!$K$2:$L$182)} -> 5 | K15: {=SUMPRODUCT((result_20260611!$B$2:$B$182=sum_fail_20260611!$F15)*result_20260611!$M$2:$M$182)} -> 0 | L15: {=SUMPRODUCT((result_20260611!$B$2:$B$182=sum_fail_20260611!$F15)*result_20260611!$N$2:$Q$182)} -> 10
A16: Success if further action were taken | B16: =result_20260611!G146 -> 0 | F16: F | G16: {=SUMPRODUCT((result_20260611!$B$2:$B$182=sum_fail_20260611!$F16)*result_20260611!$I$2:$Q$182)} -> 13 | H16: {=SUMPRODUCT((result_20260611!$B$2:$B$182=sum_fail_20260611!$F16)*result_20260611!$I$2:$I$182)} -> 0 | I16: {=SUMPRODUCT((result_20260611!$B$2:$B$182=sum_fail_20260611!$F16)*result_20260611!$J$2:$J$182)} -> 0 | J16: {=SUMPRODUCT((result_20260611!$B$2:$B$182=sum_fail_20260611!$F16)*result_20260611!$K$2:$L$182)} -> 4 | K16: {=SUMPRODUCT((result_20260611!$B$2:$B$182=sum_fail_20260611!$F16)*result_20260611!$M$2:$M$182)} -> 0 | L16: {=SUMPRODUCT((result_20260611!$B$2:$B$182=sum_fail_20260611!$F16)*result_20260611!$N$2:$Q$182)} -> 9
A17: Failed | B17: =result_20260611!H146 -> 33 | F17: G | G17: {=SUMPRODUCT((result_20260611!$B$2:$B$182=sum_fail_20260611!$F17)*result_20260611!$I$2:$Q$182)} -> 20 | H17: {=SUMPRODUCT((result_20260611!$B$2:$B$182=sum_fail_20260611!$F17)*result_20260611!$I$2:$I$182)} -> 1 | I17: {=SUMPRODUCT((result_20260611!$B$2:$B$182=sum_fail_20260611!$F17)*result_20260611!$J$2:$J$182)} -> 1 | J17: {=SUMPRODUCT((result_20260611!$B$2:$B$182=sum_fail_20260611!$F17)*result_20260611!$K$2:$L$182)} -> 6 | K17: {=SUMPRODUCT((result_20260611!$B$2:$B$182=sum_fail_20260611!$F17)*result_20260611!$M$2:$M$182)} -> 0 | L17: {=SUMPRODUCT((result_20260611!$B$2:$B$182=sum_fail_20260611!$F17)*result_20260611!$N$2:$Q$182)} -> 12
A18: Trials | B18: =SUM(result_20260611!E146:H146) -> 144 | F18: I | G18: {=SUMPRODUCT((result_20260611!$B$2:$B$182=sum_fail_20260611!$F18)*result_20260611!$I$2:$Q$182)} -> 18 | H18: {=SUMPRODUCT((result_20260611!$B$2:$B$182=sum_fail_20260611!$F18)*result_20260611!$I$2:$I$182)} -> 0 | I18: {=SUMPRODUCT((result_20260611!$B$2:$B$182=sum_fail_20260611!$F18)*result_20260611!$J$2:$J$182)} -> 3 | J18: {=SUMPRODUCT((result_20260611!$B$2:$B$182=sum_fail_20260611!$F18)*result_20260611!$K$2:$L$182)} -> 5 | K18: {=SUMPRODUCT((result_20260611!$B$2:$B$182=sum_fail_20260611!$F18)*result_20260611!$M$2:$M$182)} -> 0 | L18: {=SUMPRODUCT((result_20260611!$B$2:$B$182=sum_fail_20260611!$F18)*result_20260611!$N$2:$Q$182)} -> 10
A19: Failed trails (PF+F) | B19: =SUM(result_20260611!G146:H146) -> 33 | G19: =SUM(G13:G18) -> 90 | H19: =SUM(H13:H18) -> 1 | I19: =SUM(I13:I18) -> 7 | J19: =SUM(J13:J18) -> 25 | K19: =SUM(K13:K18) -> 0 | L19: =SUM(L13:L18) -> 57
A20: Partially Success and Failed trails (PS+PF+F) | B20: =B15+B16+B17 -> 90
C21: PS+PS+F | D21: PF+F
A22: F1: Grip force failure | B22: =result_20260611!I146 -> 1 | C22: =B22/$B$20 -> 0.011111111 | D22: =B22/$B$19 -> 0.03030303
A23: F2: No valid pose | B23: =result_20260611!J146 -> 7 | C23: =B23/$B$20 -> 0.077777778 | D23: =B23/$B$19 -> 0.21212121
A24: F3: Kinematic infeasibility | B24: =result_20260611!K146+result_20260611!L146 -> 25 | C24: =B24/$B$20 -> 0.27777778 | D24: =B24/$B$19 -> 0.75757576
A25: F4: Orientation error | B25: =result_20260611!M146 -> 0 | C25: =B25/$B$20 -> 0 | D25: =B25/$B$19 -> 0
A26: F5: Manual intervention necessary | B26: =result_20260611!N146+result_20260611!O146+result_20260611!P146+result_20260611!Q146 -> 57 | C26: =B26/$B$20 -> 0.63333333

Sheet Chi-test
A1: Baseline1 vs Baseline2 | F1: Estimated | K1: Chi2
B2: Success | C2: Failure | D2: Total | G2: Success | H2: Failure | I2: Total
A3: Baseline1 | B3: 20 | C3: 124 | D3: =B3+C3 -> 144 | F3: Baseline1 | G3: =$D3*B$5/$D$5 -> 39 | H3: =$D3*C$5/$D$5 -> 105 | I3: =G3+H3 -> 144 | K3: =(B3-G3)^2/G3 -> 9.2564103 | L3: =(C3-H3)^2/H3 -> 3.4380952 | N3: =SUM(K3:L4) -> 25.389011
A4: Baseline2 | B4: 58 | C4: 86 | D4: =B4+C4 -> 144 | F4: Baseline2 | G4: =$D4*B$5/$D$5 -> 39 | H4: =$D4*C$5/$D$5 -> 105 | I4: =G4+H4 -> 144 | K4: =(B4-G4)^2/G4 -> 9.2564103 | L4: =(C4-H4)^2/H4 -> 3.4380952
A5: Total | B5: =B3+B4 -> 78 | C5: =C3+C4 -> 210 | D5: =B5+C5 -> 288 | F5: Total | G5: =G3+G4 -> 78 | H5: =H3+H4 -> 210 | I5: =G5+H5 -> 288
B7: Success | C7: Failure | D7: Total | G7: Success | H7: Failure | I7: Total
A8: Baseline2 | B8: 58 | C8: 86 | D8: =B8+C8 -> 144 | F8: Baseline1 | G8: =$D8*B$10/$D$10 -> 84.5 | H8: =$D8*C$10/$D$10 -> 59.5 | I8: =G8+H8 -> 144 | K8: =(B8-G8)^2/G8 -> 8.3106509 | L8: =(C8-H8)^2/H8 -> 11.802521 | N8: =SUM(K8:L9) -> 40.226344
A9: Final | B9: 111 | C9: 33 | D9: =B9+C9 -> 144 | F9: Baseline2 | G9: =$D9*B$10/$D$10 -> 84.5 | H9: =$D9*C$10/$D$10 -> 59.5 | I9: =G9+H9 -> 144 | K9: =(B9-G9)^2/G9 -> 8.3106509 | L9: =(C9-H9)^2/H9 -> 11.802521
